<?xml version="1.0" ?>
<TimeSeries xmlns="http://www.wldelft.nl/fews/PI" xmlns:xsi="http://www.w3.org/2001/XMLSchema-instance" xsi:schemaLocation="http://www.wldelft.nl/fews/PI http://fews.wldelft.nl/schemas/version1.0/pi-schemas/pi_timeseries.xsd" version="1.10">
	<timeZone>0.0</timeZone>
	<series>
		<header>
			<type>mean</type>
			<locationId>S005</locationId>
			<parameterId>1AB</parameterId>
			<timeStep unit="nonequidistant"/>
			<startDate date="2024-09-16" time="19:00:00"/>
			<endDate date="2024-10-19" time="19:00:00"/>
			<missVal>-999.0</missVal>
			<stationName>S005_1AB</stationName>
			<units>m3/s</units>
		</header>
		<event date="2024-09-16" time="19:00:00" value="1.814" flag="2"/>
		<event date="2024-09-17" time="19:00:00" value="2.445" flag="2"/>
		<event date="2024-09-18" time="19:00:00" value="5.095" flag="2"/>
		<event date="2024-09-19" time="19:00:00" value="9.635" flag="2"/>
		<event date="2024-09-20" time="19:00:00" value="13.801" flag="2"/>
		<event date="2024-09-21" time="19:00:00" value="15.69" flag="2"/>
		<event date="2024-09-22" time="19:00:00" value="15.198" flag="2"/>
		<event date="2024-09-23" time="19:00:00" value="13.226" flag="2"/>
		<event date="2024-09-24" time="19:00:00" value="10.737" flag="2"/>
		<event date="2024-09-25" time="19:00:00" value="8.387" flag="2"/>
		<event date="2024-09-26" time="19:00:00" value="6.483" flag="2"/>
		<event date="2024-09-27" time="19:00:00" value="5.084" flag="2"/>
		<event date="2024-09-28" time="19:00:00" value="4.123" flag="2"/>
		<event date="2024-09-29" time="19:00:00" value="3.499" flag="2"/>
		<event date="2024-09-30" time="19:00:00" value="3.111" flag="2"/>
		<event date="2024-10-01" time="19:00:00" value="2.879" flag="2"/>
		<event date="2024-10-02" time="19:00:00" value="2.745" flag="2"/>
		<event date="2024-10-03" time="19:00:00" value="2.669" flag="2"/>
		<event date="2024-10-04" time="19:00:00" value="2.624" flag="2"/>
		<event date="2024-10-05" time="19:00:00" value="2.595" flag="2"/>
		<event date="2024-10-06" time="19:00:00" value="2.573" flag="2"/>
		<event date="2024-10-07" time="19:00:00" value="2.55" flag="2"/>
		<event date="2024-10-08" time="19:00:00" value="2.526" flag="2"/>
		<event date="2024-10-09" time="19:00:00" value="2.498" flag="2"/>
		<event date="2024-10-10" time="19:00:00" value="2.466" flag="2"/>
		<event date="2024-10-11" time="19:00:00" value="2.431" flag="2"/>
		<event date="2024-10-12" time="19:00:00" value="2.392" flag="2"/>
		<event date="2024-10-13" time="19:00:00" value="2.351" flag="2"/>
		<event date="2024-10-14" time="19:00:00" value="2.309" flag="2"/>
		<event date="2024-10-15" time="19:00:00" value="2.265" flag="2"/>
		<event date="2024-10-16" time="19:00:00" value="2.22" flag="2"/>
		<event date="2024-10-17" time="19:00:00" value="2.175" flag="2"/>
		<event date="2024-10-18" time="19:00:00" value="2.13" flag="2"/>
		<event date="2024-10-19" time="19:00:00" value="2.086" flag="2"/>
	</series>
	<series>
		<header>
			<type>mean</type>
			<locationId>S033</locationId>
			<parameterId>1AB</parameterId>
			<timeStep unit="nonequidistant"/>
			<startDate date="2024-09-16" time="19:00:00"/>
			<endDate date="2024-10-19" time="19:00:00"/>
			<missVal>-999.0</missVal>
			<stationName>S033_1AB</stationName>
			<units>m3/s</units>
		</header>
		<event date="2024-09-16" time="19:00:00" value="11.517" flag="2"/>
		<event date="2024-09-17" time="19:00:00" value="14.659" flag="2"/>
		<event date="2024-09-18" time="19:00:00" value="28.642" flag="2"/>
		<event date="2024-09-19" time="19:00:00" value="54.057" flag="2"/>
		<event date="2024-09-20" time="19:00:00" value="79.697" flag="2"/>
		<event date="2024-09-21" time="19:00:00" value="94.455" flag="2"/>
		<event date="2024-09-22" time="19:00:00" value="96.06" flag="2"/>
		<event date="2024-09-23" time="19:00:00" value="88.181" flag="2"/>
		<event date="2024-09-24" time="19:00:00" value="75.66" flag="2"/>
		<event date="2024-09-25" time="19:00:00" value="62.298" flag="2"/>
		<event date="2024-09-26" time="19:00:00" value="50.284" flag="2"/>
		<event date="2024-09-27" time="19:00:00" value="40.489" flag="2"/>
		<event date="2024-09-28" time="19:00:00" value="32.991" flag="2"/>
		<event date="2024-09-29" time="19:00:00" value="27.495" flag="2"/>
		<event date="2024-09-30" time="19:00:00" value="23.593" flag="2"/>
		<event date="2024-10-01" time="19:00:00" value="20.886" flag="2"/>
		<event date="2024-10-02" time="19:00:00" value="19.039" flag="2"/>
		<event date="2024-10-03" time="19:00:00" value="17.791" flag="2"/>
		<event date="2024-10-04" time="19:00:00" value="16.946" flag="2"/>
		<event date="2024-10-05" time="19:00:00" value="16.366" flag="2"/>
		<event date="2024-10-06" time="19:00:00" value="15.955" flag="2"/>
		<event date="2024-10-07" time="19:00:00" value="15.645" flag="2"/>
		<event date="2024-10-08" time="19:00:00" value="15.395" flag="2"/>
		<event date="2024-10-09" time="19:00:00" value="15.174" flag="2"/>
		<event date="2024-10-10" time="19:00:00" value="14.966" flag="2"/>
		<event date="2024-10-11" time="19:00:00" value="14.759" flag="2"/>
		<event date="2024-10-12" time="19:00:00" value="14.548" flag="2"/>
		<event date="2024-10-13" time="19:00:00" value="14.33" flag="2"/>
		<event date="2024-10-14" time="19:00:00" value="14.104" flag="2"/>
		<event date="2024-10-15" time="19:00:00" value="13.871" flag="2"/>
		<event date="2024-10-16" time="19:00:00" value="13.631" flag="2"/>
		<event date="2024-10-17" time="19:00:00" value="13.388" flag="2"/>
		<event date="2024-10-18" time="19:00:00" value="13.141" flag="2"/>
		<event date="2024-10-19" time="19:00:00" value="12.894" flag="2"/>
	</series>
	<series>
		<header>
			<type>mean</type>
			<locationId>SEND</locationId>
			<parameterId>1AB</parameterId>
			<timeStep unit="nonequidistant"/>
			<startDate date="2024-09-16" time="19:00:00"/>
			<endDate date="2024-10-19" time="19:00:00"/>
			<missVal>-999.0</missVal>
			<stationName>SEND_1AB</stationName>
			<units>m3/s</units>
		</header>
		<event date="2024-09-16" time="19:00:00" value="22.696" flag="2"/>
		<event date="2024-09-17" time="19:00:00" value="27.417" flag="2"/>
		<event date="2024-09-18" time="19:00:00" value="48.758" flag="2"/>
		<event date="2024-09-19" time="19:00:00" value="88.191" flag="2"/>
		<event date="2024-09-20" time="19:00:00" value="129.255" flag="2"/>
		<event date="2024-09-21" time="19:00:00" value="154.982" flag="2"/>
		<event date="2024-09-22" time="19:00:00" value="161.143" flag="2"/>
		<event date="2024-09-23" time="19:00:00" value="152.38" flag="2"/>
		<event date="2024-09-24" time="19:00:00" value="135.437" flag="2"/>
		<event date="2024-09-25" time="19:00:00" value="115.932" flag="2"/>
		<event date="2024-09-26" time="19:00:00" value="97.365" flag="2"/>
		<event date="2024-09-27" time="19:00:00" value="81.367" flag="2"/>
		<event date="2024-09-28" time="19:00:00" value="68.378" flag="2"/>
		<event date="2024-09-29" time="19:00:00" value="58.221" flag="2"/>
		<event date="2024-09-30" time="19:00:00" value="50.47" flag="2"/>
		<event date="2024-10-01" time="19:00:00" value="44.647" flag="2"/>
		<event date="2024-10-02" time="19:00:00" value="40.313" flag="2"/>
		<event date="2024-10-03" time="19:00:00" value="37.1" flag="2"/>
		<event date="2024-10-04" time="19:00:00" value="34.716" flag="2"/>
		<event date="2024-10-05" time="19:00:00" value="32.936" flag="2"/>
		<event date="2024-10-06" time="19:00:00" value="31.589" flag="2"/>
		<event date="2024-10-07" time="19:00:00" value="30.55" flag="2"/>
		<event date="2024-10-08" time="19:00:00" value="29.727" flag="2"/>
		<event date="2024-10-09" time="19:00:00" value="29.052" flag="2"/>
		<event date="2024-10-10" time="19:00:00" value="28.479" flag="2"/>
		<event date="2024-10-11" time="19:00:00" value="27.972" flag="2"/>
		<event date="2024-10-12" time="19:00:00" value="27.508" flag="2"/>
		<event date="2024-10-13" time="19:00:00" value="27.071" flag="2"/>
		<event date="2024-10-14" time="19:00:00" value="26.65" flag="2"/>
		<event date="2024-10-15" time="19:00:00" value="26.239" flag="2"/>
		<event date="2024-10-16" time="19:00:00" value="25.833" flag="2"/>
		<event date="2024-10-17" time="19:00:00" value="25.43" flag="2"/>
		<event date="2024-10-18" time="19:00:00" value="25.029" flag="2"/>
		<event date="2024-10-19" time="19:00:00" value="24.631" flag="2"/>
	</series>
</TimeSeries>
