STATION_ID,STATION,BEGIN_DATE,END_DATE,STATE,COUNTRY,LATITUDE,LONGITUDE,ELEVATION
34878099999,...,09/02/1973,08/12/1974,null,RS,45.783,46.333,
37503099999,ABASTUMANI,06/04/1973,29/09/1991,null,GG,41.717,42.833,1265
28815099999,ABDULINO,09/04/1962,27/10/1979,null,RS,53.7,53.65,164
37066099999,ACHIKULAK,01/01/1959,18/03/1982,null,RS,44.55,44.833,69
35133099999,ADAMOVKA,04/09/1949,10/07/1988,null,RS,51.533,59.983,285
37507099999,ADIGENI,11/05/1973,27/04/1991,null,GG,41.7,42.7,1185
34877099999,ADYK,15/01/1973,03/10/1982,null,RS,45.8,45.633,-11
17099099999,AGRI,21/11/2003,07/04/2020,null,TU,39.65,43.0333333,1664.81
17099099999,AGRI,21/11/2003,07/04/2020,null,TU,39.65,43.0333333,1664.81
37639099999,AGSTAPHA AIRPORT,03/01/1955,25/09/1991,null,AJ,41.1333333,45.4166666,333
37506099999,AHALCIHE,03/03/1960,26/09/1991,null,GG,41.633,42.983,982
37663099999,AHTY,01/01/1959,31/03/2020,null,RS,41.4666666,47.75,1015
36622099999,AJAGUZ,01/07/1957,02/04/1998,null,KZ,47.967,80.45,655
35037099999,AK'JAR,16/08/1960,07/04/2020,null,RS,51.8666666,58.1833333,341
38178099999,AK-BAJTAL,03/02/1957,07/04/2020,null,UZ,43.15,64.3333333,234
35127099999,AK-BULAK,29/04/1975,07/04/2020,null,RS,51.0166666,55.6333333,144
36443099999,AK-KEM,09/03/1961,31/12/1994,null,RS,49.9166666,86.5333333,2056
38191099999,AK-KUM,04/08/1959,07/04/2020,null,KZ,43.717,67.417,174
36994099999,AK-SYJRAK,29/12/1960,07/10/1998,null,KG,41.817,78.733,3540
35729099999,AK-TUMSUK,07/07/1957,20/08/1988,null,KZ,46.633,57.333,44
37602099999,AKHALQALAQI,02/01/1960,25/09/1991,null,GG,41.4166666,43.4833333,1716
37514099999,AKHALTSIKHE,08/05/1969,07/04/2020,null,GG,41.65,43,989
37448099999,AKHMETA,02/06/1976,29/09/1991,null,GG,42.033,45.217,546
35085099999,AKKOL',02/01/1959,07/04/2020,null,KZ,52,70.95,384
38232099999,AKKUDUK,02/07/1957,07/04/2020,null,KZ,42.9666666,54.1166666,78
35117199999,AKSAI,14/11/2019,07/04/2020,null,KZ,51.159847,52.99778,62.8
35117199999,AKSAI,14/11/2019,07/04/2020,null,KZ,51.159847,52.99778,62.8
28719099999,AKSAKOVO,04/01/1959,07/04/2020,null,RS,54.0166666,54.15,355.9
35083099999,AKSU,08/01/1959,30/12/1963,null,KZ,52.467,71.983,290
35498099999,AKSU-AYULY,17/05/2018,07/04/2020,null,KZ,48.783,73.667,724
36643099999,AKSUAT,10/01/1959,07/04/2020,null,KZ,47.8,82.833,548
38001099999,AKTAU,02/03/1936,07/04/2020,null,KZ,43.86005,51.091978,22.25
36467099999,AKTOGAJ,29/11/1963,31/03/1998,null,KZ,48.3,74.967,780
35229099999,AKTYUBINSK,01/01/1933,07/04/2020,null,KZ,50.245833,57.206667,224.94
28248099999,ALAPAEVSK,15/04/1953,10/01/1993,null,RS,57.8666666,61.7,130
27679099999,ALATYR',09/03/1955,07/04/2020,null,RS,54.8166666,46.5833333,180
29937099999,ALEJSKAJA,05/02/1948,07/04/2020,null,RS,52.5166666,82.7666666,175
34391099999,ALEKSANDROV-GAJ,02/08/1949,07/04/2020,null,RS,50.15,48.55,25
35478099999,ALGABAS,05/01/1981,28/09/1994,null,KZ,48.883,68.083,506
36686099999,ALGAZY OSTROV,30/06/1963,31/12/2014,null,KZ,46.55,76.8666666,349
36872099999,ALMATY,02/01/1933,07/04/2020,null,KZ,43.352072,77.040508,680.92
36870099999,ALMATY,02/01/1933,07/04/2020,null,KZ,43.2333333,76.9333333,851
51076099999,ALTAY,20/08/1956,07/04/2020,null,CH,47.7333333,88.0833333,737
37753099999,ALTIAGACH,09/12/1961,08/09/1991,null,AJ,40.8666666,48.9333333,1082
35361099999,AMANGELDY,18/02/1953,07/04/2020,null,KZ,50.1333333,65.2333333,142
37682099999,AMASIA,01/01/1959,07/04/2020,null,AM,40.95,43.7833333,1866
37308099999,AMBROLAURI,17/04/1969,07/04/2020,null,GG,42.5166666,43.1333333,544
35286099999,ANAR,04/06/1953,16/02/1980,null,KZ,50.617,72.433,437
36817099999,ANARKHAY,02/01/1959,07/04/2020,null,KZ,43.983,75.083,830
27787099999,ANNENKOVO,05/09/1974,27/10/1979,null,RS,54.1,47.333,192
29540099999,ANZERO-SUDZENSK,04/03/1953,07/12/1990,null,RS,56.117,86,259
37699099999,APARAN,01/01/1959,07/04/2020,null,AM,40.5333333,44.3833333,1892
27998099999,APPROXIMATE LOCALE,12/04/1975,27/10/1979,null,RS,52.633,49.217,46
35705099999,APPROXIMATE LOCALE,29/07/1962,07/04/2020,null,KZ,46.867,51.25,0
35656099999,APPROXIMATE LOCALE,17/05/2018,07/04/2020,null,KZ,47.633,64.583,0
37774099999,ARAGATS,01/01/1959,24/04/1988,null,AM,40.317,43.667,1255
35157099999,ARALKOL',29/07/1963,24/05/1998,null,KZ,51.083,62.7,230
35746099999,ARALSK,10/04/1948,07/04/2020,null,KZ,46.7833333,61.6666667,56
17046099999,ARDAHAN,06/09/2008,07/04/2020,null,TU,41.1166666,42.7166666,1829
28548099999,ARGAJAS,30/08/1974,15/11/1991,null,RS,55.517,60.917,254
36457099999,ARGAMJI,04/03/1961,30/09/1982,null,RS,49.283,87.917,2280
28726099999,ARHANGELSKOJE,24/11/1963,01/03/1993,null,RS,54.4,56.8,168
35363099999,ARKALYK,03/01/1969,07/04/2020,null,KZ,50.2166667,66.8333333,343
37787099999,ARMAVIR,01/01/1959,07/04/2020,null,AM,40.1333333,43.9033333,860.84
27593099999,ARSK,29/03/2012,07/04/2020,null,RS,56.0833333,49.8666666,156.96
37871099999,ARTASHAT,14/10/2014,07/04/2020,null,AM,39.95,44.55,833
28346099999,ARTEMOVSIJ,28/01/1959,10/01/1993,null,RS,57.3666666,61.9166666,154
28438099999,ARTI,21/08/1974,10/01/1993,null,RS,56.433,58.55,305
35284099999,ARYKTY,01/01/1981,07/04/2020,null,KZ,50.633,70.55,320
38316099999,ARYS,04/01/1959,06/04/2020,null,KZ,42.433,68.8,240
27653099999,ARZAMAS,10/01/1959,07/04/2020,null,RS,55.3666666,43.7833333,127
34964099999,ARZGIR,03/01/1959,27/05/1995,null,RS,45.4,44.2,76
34385099999,ASCE UZJAK,10/01/1959,15/07/1990,null,KZ,49.767,47.75,18
38196099999,ASHCHYSAI,21/03/1974,07/04/2020,null,KZ,43.55,68.9,822
37609099999,ASHOTSK,14/10/2014,07/04/2020,null,AM,41.0294444,43.8763889,2015
37785099999,ASHTARAK,14/10/2014,07/04/2020,null,AM,40.2833333,44.3502778,1090
28522099999,ASKINO,30/06/2005,07/04/2020,null,RS,56.1102777,56.5736111,206.5
37514199999,ASPINDZA,19/08/1996,04/10/1996,null,GG,41.5666666,43.25,983
36897099999,ASSI,25/01/1958,07/04/2020,null,KZ,43.317,78.25,2216
35188099999,ASTANA INTL,15/01/1934,07/04/2020,null,KZ,51.022222,71.466944,355.09
34880099999,ASTRAHAN',31/12/1936,31/03/2020,null,RS,46.2833333,47.9833333,-21.6
35394299999,ASTRAKHAN,10/05/2004,07/04/2020,null,RS,46.283333,48.006278,-20.11
35582099999,ATASU,04/01/1959,31/03/1998,null,KZ,48.7,71.633,488
35078099999,ATBASAR,04/01/1948,07/04/2020,null,KZ,51.8166666,68.3666666,304
34069099999,ATKARSK,01/01/1959,18/11/1979,null,RS,51.8666666,45.0333333,206
38141199999,ATYRAU,06/07/2004,07/04/2020,null,KZ,47.121944,51.821389,-21.94
35700099999,ATYRAU,30/04/1935,07/04/2020,null,KZ,47.1166666,51.9166666,-22
36744099999,AUL,02/07/1957,07/10/1998,null,KZ,45.633,75.117,353
38334099999,AUL TURARA RYSKULOVA,04/01/1959,07/04/2020,null,KZ,42.4833333,70.3,808
28908099999,AVANGARD ZERNOSOVHOZ,26/08/1974,07/04/2020,null,RS,52.6166666,51.2833333,88
35739099999,AYAK-KUM,02/02/1958,02/10/1998,null,KZ,46.717,59.167,114
36819099999,AYDARLI,02/01/1959,07/04/2020,null,KZ,44.133,75.85,499
37169099999,BABAYURT,04/01/1959,18/09/1991,null,RS,43.6,46.783,-3
29827099999,BAEVO,21/08/1955,07/04/2020,null,RS,53.2666666,80.7666666,122
36736099999,BAHTY,01/02/1948,07/04/2020,null,KZ,46.65,82.75,441
51633099999,BAICHENG/BAY,11/11/1962,13/05/1997,null,CH,41.767,81.867,1280
38202199999,BAIKADAM,19/06/2018,07/04/2020,null,KZ,43.8,69.9,336
38202199999,BAIKADAM,19/06/2018,07/04/2020,null,KZ,43.8,69.9,336
36126099999,BAJANAUL,23/01/1958,07/04/2020,null,KZ,50.8,75.7,504
38317099999,BAJRKUM,02/01/1959,31/12/1981,null,KZ,42.067,68.117,238
28615099999,BAKALY,06/01/1959,11/07/2013,null,RS,55.1833333,53.8,125
36821099999,BAKANAS,21/01/1959,07/04/2020,null,KZ,44.8333333,76.2666666,396
29328099999,BAKCHAR,28/01/1948,07/04/2020,null,RS,57,82.0666666,110
37492099999,BAKHMARO,01/01/1959,07/04/2020,null,GG,41.85,42.3166666,1924
37524099999,BAKURIANI,06/02/1960,28/09/1991,null,GG,41.717,43.517,1665
34085099999,BALAKOVO,25/10/1974,18/11/1979,null,RS,52.033,47.75,30
28642099999,BALANDINO,02/01/1933,07/04/2020,null,RS,55.305836,61.503333,234.39
34152099999,BALASHOV,02/09/1949,07/04/2020,null,RS,51.55,43.15,159
51467099999,BALGUNTAY,06/02/1962,07/04/2020,null,CH,42.6666666,86.3333333,1753
35796099999,BALHASH,03/11/1948,07/04/2020,null,KZ,46.8,75.0833333,350
28978099999,BALKASINO,04/01/1959,07/04/2020,null,KZ,52.5333333,68.75,398
29612099999,BARABINSK,01/03/1933,07/04/2020,null,RS,55.3333333,78.3083333,120
28421099999,BARDA,30/08/1974,11/01/1992,null,RS,56.917,55.6,133
37832099999,BARDA,12/03/1988,28/08/2017,null,AJ,40.3666666,47.1166666,69
29838099999,BARNAUL,05/02/1933,07/04/2020,null,RS,53.363775,83.538533,255.11
35941099999,BARSAKELMES ISLAND,16/12/1960,26/02/1996,null,KZ,45.683,59.917,80
36498099999,BARSHATAS,02/01/1959,07/04/2020,null,KZ,48.1666666,78.4166666,643
35357099999,BARSHINO,01/12/2008,07/04/2020,null,KZ,49.6833333,69.5166666,349
29548099999,BARZAS,10/07/1955,07/12/1990,null,RS,55.717,86.3,208
51542099999,BAYANBULAK,07/03/1962,07/04/2020,null,CH,43.0333333,84.15,2459
29843099999,BAYDAYEVKA,01/05/1935,29/06/1955,null,RS,53.767,87.233,213
38202099999,BAYKADAM,26/01/1959,03/04/1960,null,KZ,43.75,69.917,
38318099999,BAYYRKUM,01/07/2014,07/04/2020,null,KZ,42.1,68.1166666,184
37075099999,BAZHIGAN,10/04/1960,05/04/1962,null,RS,44.55,45.683,16
27607099999,BEGISHEVO,10/08/2004,07/04/2020,null,RS,55.564686,52.092511,195.98
35927099999,BEJNEU,08/01/1959,07/04/2020,null,KZ,45.25,55.083,74
35699099999,BEKTAUATA,02/12/1953,07/04/2020,null,KZ,47.45,74.8166666,620
36453099999,BELESI,02/01/1989,02/08/1989,null,RS,49.7,87.433,1524
38037099999,BELEULI,12/01/1961,11/02/1974,null,UZ,44.533,56.767,122
27955099999,BELINSKIY,21/08/1974,07/04/2020,null,RS,52.9666666,43.4,205.66
35125099999,BELJAEVKA,05/09/1974,27/10/1979,null,RS,51.4166666,56.4166666,131
36046099999,BELOKURIHA,02/01/1937,11/01/1958,null,RS,51.967,84.95,260
28831099999,BELORECK,17/02/1953,10/01/1993,null,RS,53.9666666,58.35,568.12
29745099999,BELOVO,07/07/1955,07/12/1990,null,RS,54.45,86.3666666,226
35535099999,BERCOGUR,31/01/1948,29/06/1959,null,KZ,48.467,58.583,404
37713099999,BERD,08/03/1975,05/08/1977,null,AM,40.9166666,45.4666666,697
28636099999,BERDYAUSH,14/09/1974,29/05/1988,null,RS,55.15,59.117,378
28574099999,BERDYUZHYE,01/01/1973,08/09/1988,null,RS,55.8,68.317,129
35376099999,BERLIK,08/03/1953,27/03/2008,null,KZ,49.8833333,69.5166666,349
35092099999,BESTOBE,01/07/2014,07/04/2020,null,KZ,52.5,73.1,168
35884099999,BETPAK-DALA STEPPE,29/01/1958,11/06/1997,null,KZ,46,70,325
27888099999,BEZVODOVKA,23/01/1959,18/11/1979,null,RS,53.5,47.95,263
28901099999,BEZYMYANKA,01/01/1937,30/12/1937,null,RS,53.233,50.167,136
29939099999,BIJSK ZONAL'NAYA,01/03/1933,07/04/2020,null,RS,52.6666666,84.9166666,225
28621099999,BIRSK,25/04/1959,07/04/2020,null,RS,55.4166666,55.5333333,186
35459099999,BISARY,06/03/1963,13/04/1996,null,KZ,48.817,64.617,122
28432099999,BISERT,29/08/1974,10/01/1993,null,RS,56.867,59.067,303
38353099999,BISHKEK,25/01/1948,07/04/2020,null,KG,42.85,74.5333333,760
34958099999,BLAGODARNYJ,14/01/1973,31/03/2020,null,RS,45.1,43.45,162
28766099999,BLAGOVESHCHENKA,01/02/1948,07/04/2020,null,KZ,54.3666666,66.9666666,151
38338099999,BLINKOVO,30/09/1973,07/04/2020,null,KZ,42.233,70.117,1122
28443099999,BOGDANOVICH,21/08/1974,27/10/1990,null,RS,56.783,62.067,159
29553099999,BOGOTOL,17/02/1946,07/04/2020,null,RS,56.2166666,89.55,290
51077099999,BOGUS CHINESE,15/06/1957,29/09/1957,null,CH,47.167,88.367,-999
37420099999,BOGUS SOVIET,02/01/1959,22/05/1991,null,GG,42.05,44.15,
35001099999,BOL'SAJA GLUSCICA,28/04/1975,07/04/2020,null,RS,52.3833333,50.4666666,64
28593099999,BOL'SHERECH'E,20/02/1948,31/03/2020,null,RS,56.1,74.6333333,77
28491099999,BOL'SIE UKI,03/01/1955,31/03/2020,null,RS,56.9333333,72.6666666,87
51330099999,BOLE/BORTALA,28/03/1962,13/05/1997,null,CH,44.917,82.067,1366
37621099999,BOLNISI,01/01/1959,07/04/2020,null,GG,41.45,44.55,534
29539099999,BOLOTNOE,23/02/1953,31/12/1994,null,RS,55.6666666,84.4,193
36948099999,BOLSAJA KZYL,21/02/1961,27/05/1997,null,KG,42.2,78.2,1719
28545099999,BOLSHAY KUYASH,30/07/1985,05/06/1987,null,RS,55.833,61.1,229
27683099999,BOLSHIYE KAYBITSY,21/08/1974,18/11/1979,null,RS,55.417,48.25,127
28309099999,BOLSHOY KIYAIK,27/03/1959,04/12/1960,null,RS,57.05,52.65,185
35706099999,BOLSHOY PESHNO ISL,04/06/1981,29/06/1981,null,KZ,46.767,51.783,-23
28225099999,BOLSHOYE SAVINO,01/01/1933,07/04/2020,null,RS,57.914517,56.021214,123.13
36392099999,BORODINE,17/05/2018,07/04/2020,null,KZ,49.967,81.467,371
28844099999,BORODINOVSKIY,21/08/1974,14/09/1987,null,RS,53.533,60.767,280
37515099999,BORZOMI,03/01/1937,29/09/1991,null,GG,41.833,43.383,794
35192099999,BOSTAL,06/03/1953,18/05/1958,null,KZ,51.533,73.817,
35192199999,BOSTAL,06/03/1953,31/12/1956,null,KZ,51.517,73.833,326
37367099999,BOTLIH,01/12/1960,31/10/1970,null,RS,42.6833333,46.2,980
35467099999,BRALI,18/08/1973,31/12/1981,null,KZ,48.9,65.533,223
35041099999,BREDY,29/09/1974,01/01/1993,null,RS,52.4333333,60.35,310
28549099999,BRODOKALMAK,29/08/1974,15/11/1991,null,RS,55.583,62.067,158
37061099999,BUDENNOVSK,17/04/1948,31/03/2020,null,RS,44.7833333,44.1333333,136
28711099999,BUGUL'MA,05/03/1948,02/04/2020,null,RS,54.6166666,52.8,303
38313099999,BUGUN,01/07/2014,07/04/2020,null,KZ,43.7166667,69,405
28806099999,BUGURUSLAN,04/01/1937,07/04/2020,null,RS,53.6166666,52.45,92
37471099999,BUJNAKSK,01/12/1960,16/07/1991,null,RS,42.8166666,47.1166666,473
36410099999,BUKHTARMA SE,10/01/1959,25/12/1960,null,KZ,49.6,83.55,387
28687099999,BULAJEVO,05/01/1959,07/04/2020,null,KZ,54.9,70.45,134
36569099999,BURAN,04/09/1974,26/12/1981,null,KZ,48.067,85.25,412
35213099999,BURANNOYE,02/01/1959,27/10/1979,null,RS,50.967,54.467,97
35998099999,BURIBAYTAL SOUTHEAST,10/02/1948,30/06/1955,null,KZ,45.05,74.033,347
36714199999,BURLYU-TOBE,04/01/1937,04/05/1954,null,KZ,46.583,79.1,342
36714099999,BURLYU-TYUBE /BURLIU-TOBE,04/01/1937,04/05/1954,null,KZ,46.583,79.1,351.1
28713099999,BUZDYAK,29/08/1974,06/02/1991,null,RS,54.567,54.517,171
28909099999,BUZULUK,19/02/1953,25/07/2018,null,RS,52.8166666,52.2166666,80
38162099999,CABANKAZGAN,12/03/1973,10/09/1994,null,KZ,43.6,61.933,64
38207099999,CAJAN,04/01/1959,07/04/2020,null,KZ,43.033,69.367,365
38143099999,CAPE TIGROVIY,04/01/1961,17/09/1980,null,UZ,43.933,58.733,220
36394099999,CARSKAJA,18/06/1953,07/04/2020,null,KZ,49.583,81.05,334
38471099999,CATKAL RIVER,29/12/1960,19/08/1991,null,KG,41.9,71.35,1937
27581099999,CEBOKSARY,09/01/1959,31/03/1977,null,RS,56.0833333,47.3333333,163
35633099999,CELKAR,01/01/1937,23/01/1995,null,KZ,47.85,59.617,176
28705099999,CELNO-VERSINY,08/10/1974,07/04/2020,null,RS,54.4166666,51.1,158
36058099999,CEMAL,23/02/1953,07/04/2020,null,RS,51.4333333,86,420
29654099999,CENTRAL'NYJ RUDNIK,06/07/1955,07/04/2020,null,RS,55.2166666,87.65,495
28799099999,CERLAK,02/02/1948,07/04/2020,null,RS,54.1666666,74.8,115
28428099999,CERNUSKA,06/01/1959,14/06/2018,null,RS,56.5,56.1333333,148
34578099999,CERNYJ JAR,31/07/2012,31/03/2020,null,RS,48.0666666,46.1166666,5
28426099999,CHAD-IN-PERM,06/01/1959,06/01/1959,null,RS,56.517,57.267,319
29602099999,CHANY,09/07/1955,07/04/2020,null,RS,55.3,76.75,111
35302099999,CHAPAEVO,01/01/1959,07/04/2020,null,KZ,50.2,51.1666666,17
27962299999,CHEBOKSARY,25/08/2008,07/04/2020,null,RS,56.090269,47.34725,170.07
28645099999,CHELYABINSK-GOROD,31/01/1948,03/04/2020,null,RS,55.15,61.3,237
38262099999,CHIMBAJ,04/07/1936,07/04/2020,null,UZ,42.95,59.8166666,66
37416099999,CHINVALY,01/01/1959,03/01/1991,null,GG,42.2333333,43.9833333,871
35937099999,CHIYLA BULAK WEST,04/01/1961,15/12/1963,null,UZ,45.083,58.067,157
28884199999,CHKALOVO,18/07/2018,07/04/2020,null,KZ,53.6,70.5,164.9
28884199999,CHKALOVO,18/07/2018,07/04/2020,null,KZ,53.6,70.5,164.9
38223099999,CHOKPAR,17/05/2018,07/04/2020,null,KZ,43.833,74.4,768
51526099999,CHUGIRTY,28/03/1962,09/05/1997,null,CH,42.8,80.85,2042
35997099999,CIGANAK,02/01/1959,16/11/1997,null,KZ,45.1,73.967,349
36891099999,CILIK,05/01/1981,07/04/2020,null,KZ,43.583,78.2,600
35118099999,CINGIRLAU,02/01/1959,07/04/2020,null,KZ,51.033,54.1,105
38049099999,CIRIK-RABAT,10/02/1948,07/04/2020,null,KZ,44.0666667,62.9,88
29702099999,CISTOOZERNOJE,01/01/1969,07/12/1990,null,RS,54.717,76.717,111
28601099999,CISTOPOL',06/01/1959,06/12/1991,null,RS,55.3166666,50.6166666,179
37569099999,CNORI,01/01/1959,28/12/1977,null,GG,41.583,45.983,294
37577099999,CNORIS,09/04/1976,06/12/1991,null,GG,41.6,46.05,291
36934099999,COLPON-ATA,16/01/1973,08/10/1998,null,KG,42.65,77.1,1645
38201099999,CULAKKURGAN,05/01/1969,07/04/2020,null,KZ,43.8,69.2,481
28704099999,CULPANOVO,08/01/1959,07/04/2020,null,RS,54.5,50.4166666,78
37386099999,CULUKIDZE,01/01/1959,29/09/1991,null,GG,42.3,42.417,114
29625099999,CULYM,01/03/1953,25/07/2018,null,RS,55.1,80.9666666,140
37578099999,DANACHY,21/10/1986,18/09/1991,null,AJ,41.55,46.417,213
34267099999,DANILOVKA,26/07/1961,31/03/2020,null,RS,50.3666666,44.1166666,102
36983099999,DARHAN,03/02/1961,28/09/1998,null,KG,42.317,77.9,1700
28312099999,DEBESSI-IN-UDMURT,17/11/1960,29/11/1963,null,RS,57.65,53.817,192
37651099999,DEDOPLISTSKARO,01/01/1959,29/10/2014,null,GG,41.4666666,46.0833333,801
37470099999,DERBENT,01/01/1959,31/03/2020,null,RS,42.0666666,48.3,-18
35167099999,DERZHAVINSK,01/07/2014,06/04/2020,null,KZ,51.0833333,66.3,243
35822099999,DGUKARA,14/01/1959,31/12/1981,null,KZ,46.567,55.867,28
37706099999,DILIJAN,01/12/1960,13/08/1977,null,AM,40.75,44.8666666,1255
27799099999,DIMITROVGRAD,12/04/1975,07/04/2020,null,RS,54.2333333,49.6,73
34858099999,DIVNOE,01/01/1936,07/04/2020,null,RS,45.916667,43.35,87
51463599999,DIWOPU,09/02/1985,07/04/2020,null,CH,43.907106,87.474244,647.7
36963099999,DOLON PASS,16/01/1973,07/10/1998,null,KG,41.8,75.767,3040
35233099999,DOMBAROVSKI,21/08/1974,18/11/1979,null,RS,50.783,59.567,287
34785099999,DOSANG,01/01/1959,31/03/2020,null,RS,46.9166666,47.9333333,-19
36806099999,DRUZBA,04/01/1959,07/04/2020,null,KZ,45.3,82.483,394
28433099999,DRUZININO,19/03/1962,28/06/1987,null,RS,56.8,59.533,345
28413099999,DUBROVA,21/08/1974,15/11/1991,null,RS,57,54.55,76
38019099999,DUKEN,02/01/1959,25/06/1993,null,KZ,44.317,54.6,143
37437099999,DUSETI,01/01/1959,29/09/1991,null,GG,42.0833333,44.7,902
28537099999,DUVAN,28/04/1953,11/07/2013,null,RS,55.7,57.9,338
28613099999,DYURTYULI,01/08/1985,27/12/1992,null,RS,55.483,54.867,155
34394099999,DZHAMBALA SOUTH,19/05/2018,07/04/2020,null,KZ,49.783,48.533,13
35217099999,DZHAMBEJTY,31/01/1948,07/04/2020,null,KZ,50.25,52.5666666,32
35404099999,DZHANGALA,01/10/1988,31/03/1998,null,KZ,49.217,50.3,7
35045099999,DZHETYGARA,28/01/1948,02/09/1960,null,KZ,52.183,61.233,263
35436099999,DZHURUN,04/01/1959,13/03/1961,null,KZ,49.233,57.667,234
36341099999,EGINDYBULAK,01/07/2014,07/04/2020,null,KZ,49.7833333,76.3833333,776
28445099999,EKATERINBURG (VERHNEE DUBROVO),03/12/1989,12/01/1992,null,RS,56.7333333,61.0666666,290
36001099999,EKIBASTUZ,04/01/1959,28/03/1998,null,KZ,51.7,75.367,234
34476099999,EL'TON,02/02/1960,31/03/2020,null,RS,49.1333333,46.85,6
28506099999,ELABUGA,08/08/1949,26/03/2020,null,RS,55.7666666,52.0666666,91
34253099999,ELAN',31/07/2012,31/03/2020,null,RS,50.95,43.7333333,132
34861099999,ELISTA,03/01/1959,07/04/2020,null,RS,46.3666666,44.3333333,152.7
35437099999,EMBA,03/02/1934,07/04/2020,null,KZ,48.817,58.217,230
34186099999,ERSHOV,01/07/1957,07/04/2020,null,RS,51.3666666,48.3,111
29807099999,ERTIS,01/01/1948,07/04/2020,null,KZ,53.35,75.45,94
35067099999,ESIL',17/02/1953,07/04/2020,null,KZ,51.8833333,66.3333333,221
37747099999,EVLAKH AIRPORT,01/01/1959,07/04/2020,null,AJ,40.6166666,47.15,15
37791099999,FANTAN,07/01/1973,18/09/1991,null,AM,40.4,44.6833333,1800
28767099999,FEDOROVKA,17/07/1963,24/10/1963,null,KZ,54.217,65.5,166
28836099999,FERSHAMPENUAZ,14/09/1974,13/09/1987,null,RS,53.517,59.8,350
38231099999,FETISOVO,01/01/1959,12/12/1963,null,KZ,42.733,52.65,-24
34356099999,FROLOVO,15/10/1961,31/03/2020,null,RS,49.8,43.6666666,119
51068099999,FUHAI/BURULTOKAY,03/04/1962,09/05/1997,null,CH,47.1,87.383,472
51365099999,FUKANG,28/03/1962,13/05/1997,null,CH,44.15,87.983,549
38099099999,FURMANOVO,09/05/1962,07/04/2020,null,KZ,44.283,72.95,350
51087099999,FUYUN,20/08/1956,07/04/2020,null,CH,46.9833333,89.5166666,827
28854099999,FYODOROV SOVKHOZ,04/01/1959,18/12/1962,null,KZ,53.75,63.167,184
37835599999,GABALA,24/02/2012,07/04/2020,null,AJ,40.8166666,47.7333333,338
37729099999,GADABAY,13/04/1973,28/08/2017,null,AJ,40.6833333,45.8166666,1476
34171099999,GAGARIN,31/03/2011,07/04/2020,null,RS,51.712631,46.171233,31.39
34171099999,GAGARIN,31/03/2011,07/04/2020,null,RS,51.712631,46.171233,31.39
37735099999,GANDJA,08/01/1936,07/04/2020,null,AJ,40.7166666,46.4166666,309
34798099999,GANJUSHKINO,02/01/1959,07/04/2020,null,KZ,46.6,49.2666666,-23
37632099999,GARDABANI,01/01/1959,28/09/1991,null,GG,41.45,45.1,303
37801099999,GAVAR,01/01/1959,07/04/2020,null,AM,40.35,45.1333333,1962
37058099999,GEORGIEVSK,01/01/1959,02/04/2020,null,RS,44.15,43.4666666,302
28948099999,GEORGIYEVKA,08/03/1973,07/04/2020,null,KZ,52.717,61.167,260
29558099999,GGP KATEK,28/03/2012,07/04/2020,null,RS,55.5333333,89.2,318.82
34559099999,GNILO-AKSAYSKAYA,27/02/1962,27/02/1962,null,RS,48.033,43.867,156
28993099999,GOLUBOVKA,10/09/1974,07/04/2020,null,KZ,53.15,74.2,126
28478099999,GOLYSMANOVO,09/01/1989,27/12/1994,null,RS,56.383,68.383,122
27553099999,GOR'KIJ,31/12/1936,01/08/1994,null,RS,56.217,43.817,82
37531099999,GORI,01/01/1959,07/04/2020,null,GG,41.9833333,44.1166666,609
34368099999,GORNIY BALIKLEY,02/01/1973,08/09/1981,null,RS,49.55,45.083,43
37749099999,GOYCHAY,01/01/1959,07/04/2020,null,AJ,40.65,47.75,95
37235099999,GROZNYJ,12/07/1949,21/03/2020,null,RS,43.25,45.7166666,163
37675099999,GUBA,01/01/1959,07/04/2020,null,AJ,41.3666666,48.5166666,552
37244099999,GUDERMES,31/07/2012,21/03/2020,null,RS,43.35,46.1166666,75
34560099999,GUMRAK,01/01/1937,07/04/2020,null,RS,48.782528,44.345544,146.91
37686099999,GUMRI,02/08/1949,11/03/1990,null,AM,40.7833333,43.8333333,1512
37463099999,GUNIB,02/01/1959,29/03/2020,null,RS,42.4,46.9666666,1399
37566099999,GURDZHAANI,01/01/1959,26/09/1991,null,GG,41.75,45.8,410
37863099999,GYANDZHA,03/08/2004,07/04/2020,null,AJ,40.733,46.4,330
37863099999,GYANDZHA,03/08/2004,07/04/2020,null,AJ,40.733,46.4,330
29816099999,HABARY,06/07/1955,20/01/1958,null,RS,53.6166666,79.55,138
37248099999,HASAVJURT,01/01/1959,30/05/1994,null,RS,43.25,46.5833333,117
51156099999,HOBOKSAR,22/08/1956,07/04/2020,null,CH,46.8166666,85.75,1323.2
37792099999,HRAZDAN,01/01/1959,07/04/2020,null,AM,40.4833333,44.75,1761
34083099999,HVALYNSK,29/11/1963,07/04/2020,null,RS,52.5,48.0833333,88
37711099999,IDJEVAN,13/12/1960,07/04/2020,null,AM,40.8666666,45.15,733
17100099999,IGDIR,07/07/1963,07/04/2020,null,TU,39.9166666,44.05,858
17100199999,IGDIR AIRPORT,16/07/2012,07/04/2020,null,TU,39.9833333,43.8666666,946
34868099999,IKI-BURUL,26/09/2012,31/03/2020,null,RS,45.8,44.6333333,112.99
35112099999,ILEK,12/11/1962,27/10/1979,null,RS,51.533,53.45,64
28673099999,ILINSKOYE-IN-TYUMEN,01/01/1969,31/08/1988,null,RS,55.45,69.317,92
36837099999,ILIYSK,01/01/1981,07/04/2020,null,KZ,44.017,77.133,710
36883099999,ILIYSKY,01/07/2014,07/04/2020,null,KZ,43.4833333,76.9833333,614
34461099999,ILOVLJA,16/01/1973,31/03/2020,null,RS,49.3,44,44.37
35847099999,IMENI SHAVCHEMKO,14/07/1973,30/06/1988,null,KZ,45.983,61.067,60
51430099999,INING,20/08/1956,10/08/1958,null,CH,43.917,81.283,670
27861099999,INSAR,03/11/1961,03/11/1961,null,RS,53.867,44.367,165
27872099999,INZA,03/07/1957,07/04/2020,null,RS,53.85,46.4166666,175.38
28351099999,IRBIT,21/08/1974,24/10/1991,null,RS,57.683,63.05,76
35542099999,IRGIZ,04/01/1933,19/01/1995,null,KZ,48.617,61.267,114
35132099999,IRIKLINSKI,21/08/1974,27/10/1979,null,RS,51.667,58.65,268
35701099999,ISATAI,01/07/2014,07/04/2020,null,KZ,47.2166666,50.9833333,-27
28573099999,ISHIM,06/02/1948,07/04/2020,null,RS,56.1,69.4333333,82
28688099999,ISIL'KUL',02/02/1948,15/04/2018,null,RS,54.9,71.25,125
34989099999,ISKUSSTVENNYJ OSTRO,09/02/1960,31/12/1963,null,RS,45.383,47.783,-25
36885099999,ISSYK,04/01/1959,07/04/2020,null,KZ,43.35,77.467,1098
37473099999,IZBERG,01/01/1959,22/05/1995,null,RS,42.5333333,47.9166666,-21
28411099999,IZHEVSK,01/07/1957,07/04/2020,null,RS,56.8333333,53.45,159
29542099999,JAJA,28/01/1948,10/01/1953,null,RS,56.2,86.433,139
28465099999,JALTUROVOSK,22/02/1953,07/04/2020,null,RS,56.6833333,66.35,61
28419099999,JANAUL,31/01/1948,29/06/2005,null,RS,56.2833333,54.9666666,99.4
34473199999,JANIBEK,26/06/2018,07/04/2020,null,KZ,49.4,46.8,28
34473199999,JANIBEK,26/06/2018,07/04/2020,null,KZ,49.4,46.8,28
28366099999,JARKOVO,16/02/1953,07/04/2020,null,RS,57.4166666,67.0833333,52.09
38141099999,JASLYK,09/08/1974,07/04/2020,null,UZ,43.8833333,57.8833333,127
28775199999,JAVLENKA,19/06/2018,07/04/2020,null,KZ,54.4,68.4,115
28775199999,JAVLENKA,19/06/2018,07/04/2020,null,KZ,54.4,68.4,115
38117099999,JERALIJEV,18/02/1953,24/06/1960,null,KZ,43.2,51.717,-21
35191099999,JERMENTAU,17/01/1959,30/03/1998,null,KZ,51.633,73.167,397
28927099999,JERMOLAJEVO,21/08/1974,10/01/1993,null,RS,52.717,55.8,247
35777099999,JETI-KONUR,26/01/1958,02/10/1998,null,KZ,46.583,68.617,276
35045199999,JETIGARA,28/01/1948,21/12/1956,null,KZ,52.183,61.233,288
51334099999,JINGHE,20/08/1956,07/04/2020,null,CH,44.5666666,82.8166666,330.2
27485099999,JOSHKAR-OLA,10/01/1959,07/04/2020,null,RS,56.6333333,47.7666666,106
28745099999,JUZNO-URALSK,27/04/1975,15/11/1991,null,RS,54.45,61.25,217
51053099999,KABA HE,06/02/1962,07/04/2020,null,CH,48.05,86.35,534
27987099999,KADYSHEVKA,11/09/1962,26/09/1962,null,RS,52.683,47.167,167
36358099999,KAJNAR,25/01/1958,02/10/1998,null,KZ,49.2,77.367,842
28696099999,KALACINSK,21/02/1953,29/06/2018,null,RS,55.0333333,74.5833333,110
28939099999,KALININSK,27/01/1959,16/01/1993,null,RS,52.5,59.7,381
34164099999,KALININSK,21/08/1974,18/11/1979,null,RS,51.5,44.5,229
35107099999,KAMEMKA,13/02/1959,07/04/2020,null,KZ,51.117,50.317,72
29822099999,KAMEN'-NA-OBI,08/02/1946,25/07/2018,null,RS,53.8166666,81.2666666,129
28449099999,KAMENSK-URALSKIJ,08/04/1953,12/01/1992,null,RS,56.4333333,61.8666666,171
28581099999,KAMJSENKA,01/01/1989,31/12/1994,null,RS,56.15,70.65,122
38082099999,KAMKALY,04/01/1959,31/12/1981,null,KZ,44.75,70,207
34363099999,KAMYSIN,18/02/1953,31/03/2020,null,RS,50.0666666,45.3666666,119
28451099999,KAMYSLOV,31/01/1948,14/06/2018,null,RS,56.85,62.7166666,127
27981099999,KANADEY,29/02/2012,07/04/2020,null,RS,53.15,47.5166666,98.88
27587099999,KANAS,27/03/1959,29/11/1963,null,RS,55.5166666,47.4666666,183
36881099999,KAPCAGAJ,04/01/1959,12/03/1980,null,KZ,43.883,77.067,456
34571099999,KAPUSTIN JAR,01/01/1959,06/08/1973,null,RS,48.6,45.75,7
36513099999,KARA-JOL,05/08/1959,16/10/1963,null,KZ,48.717,80.9,872
35756099999,KARA-KUM,02/02/1958,19/01/1991,null,KZ,46.883,64.667,79
35514099999,KARABAU,04/01/1959,20/12/1994,null,KZ,48.45,52.917,0
34072099999,KARABULAK,15/10/1962,07/04/2020,null,RS,52.3333333,46.3666666,302
35344099999,KARABUTAK,11/01/1959,07/04/2020,null,KZ,49.95,60.133,229
35394099999,KARAGANDA,01/01/1948,07/04/2020,null,KZ,49.670833,73.334444,537.97
28526099999,KARAIDELSKI,05/01/1959,10/01/1993,null,RS,55.817,57.083,200
38051099999,KARAK,14/01/1959,07/04/2020,null,KZ,44.883,63.167,92
38023099999,KARAKAPALKIJA,10/09/1959,27/03/1998,null,UZ,44.85,56.3333333,126
36985099999,KARAKOLKA,29/01/1973,07/10/1998,null,KG,41.483,77.4,3080
51243099999,KARAMAY,08/03/1962,07/04/2020,null,CH,45.6166666,84.85,428
36871099999,KARASAYSKY,01/07/2014,07/04/2020,null,KZ,43.1833333,76.75,810
29814099999,KARASUK,21/02/1953,07/04/2020,null,RS,53.7333333,78.0166666,115
28967099999,KARASUL,01/01/1959,31/03/1962,null,KZ,52.667,65.5,209
36777099999,KARATAL E,01/01/1959,07/04/2020,null,KZ,45.333,78.017,443
35315099999,KARATYUBINSKIY,23/09/1960,07/04/2020,null,KZ,49.517,53.517,80
36501099999,KARAUL,05/01/1969,07/04/2020,null,KZ,49,79.3333333,618
35522099999,KARAUL KEL'DY,26/02/1953,07/04/2020,null,KZ,48.733,56.033,186
35687099999,KARAZHAL,02/01/1959,08/02/2009,null,KZ,47.99835,70.770658,458
35687099999,KARAZHAL,02/01/1959,08/02/2009,null,KZ,47.99835,70.770658,458
36335099999,KARKARALINSK,07/05/1934,10/10/1993,null,KZ,49.383,75.517,812
28535099999,KARLJHANOVO,27/09/1974,29/12/1992,null,RS,55.95,58.667,231
17098099999,KARS,01/03/1963,07/04/2020,null,TU,40.562222,43.115002,1794.96
35662099999,KARSAKBAY,01/07/2014,07/04/2020,null,KZ,47.8333333,66.7333333,488
35663099999,KARSAKPAJ,16/01/1936,18/07/1994,null,KZ,47.833,66.75,508
28941099999,KARTALY,29/11/1963,02/01/1993,null,RS,53.05,60.6666666,301
37533099999,KASPI,06/07/1989,24/09/1991,null,GG,41.933,44.417,616
28457099999,KATAJSK,21/08/1974,15/11/1991,null,RS,56.3,62.6,152
36439099999,KATON-KARAGAJ,02/07/1957,07/04/2020,null,KZ,49.1833333,85.6166667,1081
36442099999,KATUN,02/04/1963,31/12/1994,null,RS,49.733,86.55,1800
35849099999,KAZALY,18/08/1934,07/04/2020,null,KZ,45.7666666,62.1166666,68
27595099999,KAZAN,01/01/1937,07/04/2020,null,RS,55.606186,49.278728,126.18
37334099999,KAZBEK MOUNTAIN,02/01/1959,14/05/1991,null,GG,42.7,44.517,5033
35166099999,KAZGORODOK,19/02/1953,24/12/1985,null,KZ,51.267,67.233,252
35386099999,KAZGORODOK,18/07/1963,02/04/1998,null,KZ,49.95,71.583,422
29642099999,KEMEROVO,21/10/1947,07/04/2020,null,RS,55.270094,86.107208,263.04
29645099999,KEMEROVO CGMS,25/02/2009,07/04/2020,null,RS,55.25,86.2166666,148
38267099999,KENEURGENCH,25/07/1961,02/10/1998,null,TX,42.3,59.1333333,71
37673099999,KHACHMAZ AERODROME,01/01/1959,22/09/1991,null,AJ,41.4166666,48.8833333,27
38108099999,KHANTAU,09/06/2018,07/04/2020,null,KZ,44.2167,73.8,504
38108099999,KHANTAU,09/06/2018,07/04/2020,null,KZ,44.2167,73.8,504
34687099999,KHARABALI,01/01/1959,30/05/1995,null,RS,47.417,47.25,-16
37417099999,KHASHURI,01/01/1959,17/05/1998,null,GG,42,43.6166666,690
37761099999,KHIZY,01/01/1959,31/01/1959,null,AJ,40.917,49.05,525
37498099999,KHULO,02/01/1959,06/12/1991,null,GG,41.65,42.3166666,946
35163099999,KIJMA,18/07/1985,05/06/1996,null,KZ,51.6,67.567,272
27957099999,KIRSANOV,02/09/1949,07/04/2020,null,RS,52.6666666,42.7166666,169
28938099999,KIZILSKOJE,14/09/1974,10/01/1993,null,RS,52.733,58.9,316
37163099999,KIZLJAR,04/01/1959,31/03/2020,null,RS,43.8333333,46.7166666,-5
36021099999,KLJUCI,07/07/1955,07/04/2020,null,RS,52.25,79.1833333,142
29626099999,KOCENEVO,05/01/1948,07/12/1990,null,RS,55.0166666,82.2333333,159
29724099999,KOCHKI,28/02/1953,07/04/2020,null,RS,54.3333333,80.4666666,160
37085099999,KOCUBEJ,08/01/1959,31/03/2020,null,RS,44.4,46.55,-21
36843099999,KOK-SU,01/09/1974,07/04/2020,null,KZ,44.633,78.75,1114
36535099999,KOKPEKTY,17/01/1948,07/04/2020,null,KZ,48.75,82.3666666,512
36821599999,KOKSHETAU AIRPORT,24/07/2005,07/04/2020,null,KZ,53.32,69.6,263
28879099999,KOKSHETAY,19/02/1934,07/04/2020,null,KZ,53.2833333,69.3833333,229
35895099999,KOKTAS,07/09/1974,07/04/2020,null,KZ,46.033,73.533,344
29742099999,KOLCHUGINO,18/03/1933,31/12/1963,null,RS,54.667,86.183,276
28498099999,KOLOSOVKA,01/01/1969,30/12/1996,null,RS,56.45,73.65,98
28440099999,KOLTSOVO,01/01/1933,07/04/2020,null,RS,56.743108,60.802728,232.86
29631099999,KOLYVAN',09/07/1955,07/04/2020,null,RS,55.3,82.75,137
29759099999,KOMMUNAR,25/12/1959,07/04/2020,null,RS,54.3333333,89.2833333,847
34975099999,KOMSOMOL'SKIJ,15/01/1973,07/04/2020,null,RS,45.35,46.0333333,-1.66
28843099999,KOMSOMOLEC,29/01/1960,07/04/2020,null,KZ,53.75,62.033,187
29946099999,KONDOMA,09/07/1955,31/12/1994,null,RS,52.867,87.283,354
36856099999,KONYROLEN,01/07/2014,07/04/2020,null,KZ,44.2666666,79.3166666,1224
37177599999,KOPITNARI,25/05/2005,07/04/2020,null,GG,42.176653,42.482583,67.97
51656099999,KORLA,08/03/1962,07/04/2020,null,CH,41.7333333,85.8166666,903
35234099999,KOS-ISTEK,21/10/1959,07/04/2020,null,KZ,50.733,57.9,340
36259099999,KOSH-AGACH,29/01/1958,07/04/2020,null,RS,50.0166666,88.6833333,1759
28952099999,KOSTANAY,05/01/1936,07/04/2020,null,KZ,53.206944,63.550278,181.35
35394199999,KOSTANAY,10/05/2004,15/11/2011,null,KZ,53.2,63.55,186
28952099999,KOSTANAY,05/01/1936,07/04/2020,null,KZ,53.206944,63.550278,181.35
36249099999,KOTASEVO,01/01/1989,02/08/1989,null,RS,50.317,87.583,1309
34655099999,KOTEL'NIKOVO,30/04/1935,31/03/2020,null,RS,47.6333333,43.15,49
29639099999,KOURAK,07/07/1955,12/07/1961,null,RS,54.833,84.7,195
38039099999,KOYKE,24/10/1973,24/10/1973,null,UZ,44.017,58.233,176
27479099999,KOZ'MODEM'JANSK,02/03/1955,07/04/2020,null,RS,56.3333333,46.5833333,107
35529099999,KOZASAJ,03/03/1953,11/09/1994,null,KZ,48.217,57.117,151
29532099999,KOZEVNIKOVO,23/02/1953,07/12/1990,null,RS,56.25,84,113
29649099999,KRAPIVINO,09/07/1955,07/12/1990,null,RS,55,86.8,151
28352099999,KRASNO-POLYANSKOYE,30/08/1974,12/08/1987,null,RS,57.533,63.65,85
36036099999,KRASNO-SCEKOVO,16/02/1953,31/12/1994,null,RS,51.667,82.733,240
28873099999,KRASNOARMEJSK,21/02/1953,07/04/2020,null,KZ,53.833,69.783,153
28801099999,KRASNOE POSELENIE,08/01/1959,18/11/1979,null,RS,53.967,50.367,65
35039099999,KRASNOJARSKI,21/08/1974,15/10/1979,null,RS,51.967,59.95,322
29813099999,KRASNOOZERSK,09/07/1955,25/07/2018,null,RS,53.9666666,79.2333333,144
27756099999,KRASNOSLOBODSK,28/03/2012,07/04/2020,null,RS,54.4333333,43.7666666,188.02
28434099999,KRASNOUFIMSK,31/01/1948,07/04/2020,null,RS,56.65,57.7833333,206
34273099999,KRASNYJ KUT,04/09/1974,07/04/2020,null,RS,50.95,46.9666666,50
29524099999,KRESCHENKA,25/02/1953,07/04/2020,null,RS,55.85,80.0333333,129
28637099999,KROPACEVO,31/01/1948,09/01/1995,null,RS,55,57.983,415
29567099999,KRUTOYARSKIY,31/01/1959,13/03/1984,null,RS,55.783,90.133,371
36846099999,KUGALI,02/01/1959,07/04/2020,null,KZ,44.467,78.667,1385
38284099999,KUL-KUDUK,10/04/1961,12/10/1991,null,UZ,42.533,63.283,333
35907099999,KULALY ISLAND,05/01/1959,04/07/1996,null,KZ,45.017,50.033,-22
38343099999,KULAN,02/01/1959,07/04/2020,null,KZ,42.95,72.75,683
35715099999,KULSARY,16/10/1948,23/01/1995,null,KZ,46.8,53.917,18
38149099999,KUNGRAD,09/04/1948,07/04/2020,null,UZ,43.0833333,58.9333333,64
28326099999,KUNGUR,27/09/1974,15/11/1991,null,RS,57.4166666,56.9333333,150
29706099999,KUPINO,05/01/1948,07/04/2020,null,RS,54.3666666,77.2833333,115
51644099999,KUQA,27/08/1956,07/04/2020,null,CH,41.7166666,82.95,1100
51638099999,KUQA SOUTHWEST,29/03/1962,12/07/1962,null,CH,41.3,81.683,985
36546099999,KURCUM,23/01/1959,28/03/1998,null,KZ,48.55,83.683,427
38229099999,KURDAJ,04/01/1959,07/04/2020,null,KZ,43.3,74.983,1145
35287099999,KURGALDZINSKI,12/04/1961,28/02/1980,null,KZ,50.5,70.05,330
28661099999,KURGAN,01/01/1933,07/04/2020,null,RS,55.4666666,65.4,74
27574099999,KURMYS,31/01/1959,20/02/1963,null,RS,55.833,46.067,82
28659099999,KURTAMYS,05/09/1974,15/11/1991,null,RS,54.9166666,64.4333333,158
36829099999,KURTY RIVER,02/01/1959,26/05/1985,null,KZ,44.317,76.7,432
28900099999,KURUMOCH,06/09/1949,07/04/2020,null,RS,53.504858,50.164336,145.38
28624099999,KUSHNARENKOVO,02/02/1990,01/01/1993,null,RS,55.1,55.35,162
35053099999,KUSMURUN,13/01/1959,31/03/1998,null,KZ,52.467,64.667,110
37395099999,KUTAISI,08/01/1937,07/04/2020,null,GG,42.2666666,42.6333333,114
35126099999,KUVANDYK,21/08/1974,27/10/1979,null,RS,51.483,57.467,225
51346099999,KUYTUN,27/08/1956,15/07/1996,null,CH,44.433,84.967,442
29849099999,KUZEDEEVO,09/07/1955,30/04/1994,null,RS,53.3333333,87.1666666,293
28339099999,KUZINO-IN-SVERDLOV,29/08/1974,20/05/1988,null,RS,57.017,59.433,333
27973099999,KUZNECK,14/01/1959,18/11/1979,null,RS,53.1,46.6,270
37563099999,KVARELI,01/01/1973,27/12/2003,null,GG,41.9666666,45.8333333,449
29405099999,KYSTOVKA,01/01/1948,07/04/2020,null,RS,56.6,76.5666666,116
38301099999,KYZYLKUM,01/01/1959,07/04/2020,null,KZ,42.8,67.417,185
28886099999,KZIL-TUS SOVKHOZ,08/03/1973,23/02/1998,null,KZ,53.633,72.367,138
38061099999,KZYL-ORCA,04/01/1948,31/08/1960,null,KZ,44.85,65.5,131.1
38062099999,KZYL-ORDA,01/01/1933,07/04/2020,null,KZ,44.70631,65.59071,132
35683099999,KZYL-TAU,02/02/1958,02/10/1998,null,KZ,47.85,72.083,810
35576099999,KZYLZHAR,04/02/1957,07/04/2020,null,KZ,48.3,69.65,361.1
34984099999,LAGAN',31/07/2012,31/03/2020,null,RS,45.4,47.35,-24
37572099999,LAGODEHI,02/01/1959,28/09/1991,null,GG,41.8166666,46.3,435
27693099999,LAISEVO,12/04/1975,18/11/1979,null,RS,55.433,49.533,61
37286099999,LEBARDE,02/01/1959,14/09/1991,null,GG,42.733,42.483,1610
36015099999,LEBJAZJE,15/10/1974,07/04/2020,null,KZ,51.483,77.767,144
28662099999,LEBJAZJE,24/12/1961,19/11/1991,null,RS,55.267,66.5,135
37429099999,LENINGORI,08/01/1973,30/05/1998,null,GG,42.117,44.483,760
36208099999,LENINOGORSK,11/01/1959,07/04/2020,null,KZ,50.3333333,83.55,811
37295099999,LENTEKHI,21/03/1987,28/09/1991,null,GG,42.7833333,42.7333333,731
36796099999,LEPSINSK,14/04/1979,07/04/2020,null,KZ,45.883,80.917,1189
34887099999,LIMAN,31/07/2012,31/03/2020,null,RS,45.8,47.2166666,-18
29701099999,LJUBIMOVKA,08/07/1961,31/12/1994,null,RS,54.667,75.1,111
35325099999,LLINKA,05/05/1962,07/04/2020,null,KZ,49.933,56.4,188
35312099999,LUBENKA,05/09/1959,03/09/1960,null,KZ,50.45,54.117,136
27665099999,LUKOJANOV,02/08/1949,07/04/2020,null,RS,55.0333333,44.5,219
51642099999,LUNTAI/BUGUR,28/03/1962,13/05/1997,null,CH,41.783,84.167,883
28234099999,LYS'VA,21/08/1974,12/01/1992,null,RS,58.1166666,57.7833333,226
28838099999,MAGNITOGORSK,02/01/1936,07/04/2020,null,RS,53.35,59.0833333,384
23221599999,MAGNITOGORSK,10/05/2009,07/04/2020,null,RS,53.393131,58.755661,435.86
37472099999,MAHACHKALA,06/01/1933,07/04/2020,null,RS,43,47.5,-18.61
35605099999,MAHAMBET,01/12/1975,30/03/1998,null,KZ,47.667,51.583,-15
36052099999,MAJMA,11/01/1958,31/12/1994,null,RS,52.017,85.9,331
29209099999,MAJSK,17/01/1948,07/04/2020,null,RS,57.8,77.2166666,99
35615099999,MAKAT,01/07/2014,07/04/2020,null,KZ,47.6333333,53.3166666,-22
28666099999,MAKUSINO,16/02/1953,07/04/2020,null,RS,55.25,67.3,140
36894099999,MALIBAY,03/01/1959,07/04/2020,null,KZ,43.483,78.4,870
29433099999,MALOBRAGINO,03/07/1955,29/11/1955,null,RS,56.867,84.367,81
34662099999,MALYE DERBETY,03/03/1960,31/03/2020,null,RS,47.9333333,44.7,9
38220099999,MANAS,01/01/1995,24/02/2014,null,KG,43.067,74.483,637
38353199999,MANAS,13/07/2004,07/04/2020,null,KG,43.061306,74.477556,627.27
38220099999,MANAS,01/01/1995,24/02/2014,null,KG,43.067,74.483,637
37535099999,MANGLISI,02/01/1959,28/09/1991,null,GG,41.7,44.3833333,1195
29551099999,MARIINSK,25/02/1953,07/04/2020,null,RS,56.1833333,87.6833333,144
35225099999,MARTUK,08/03/1953,31/12/1981,null,KZ,50.75,56.533,178
37808099999,MARTUNI,01/01/1959,17/09/1991,null,AM,40.1333333,45.2833333,1943
28863099999,MARYEVKA,04/03/1960,07/04/2020,null,KZ,53.767,67.383,137
29736099999,MASLJANINO,05/01/1948,07/04/2020,null,RS,54.3333333,84.2166666,198
37815099999,MASRIK,01/01/1959,25/09/1991,null,AM,40.2,45.75,1940
36773099999,MATAI,04/01/1959,07/04/2020,null,KZ,45.900278,78.711111,409.6
36773099999,MATAI,04/01/1959,07/04/2020,null,KZ,45.900278,78.711111,409.6
28647099999,MEDVEDEVSKAJA,12/03/1962,10/01/1993,null,RS,54.967,60.767,305
28925099999,MELEUZ,05/01/1959,28/06/2005,null,RS,52.9166666,55.9166666,180
28517099999,MENZELINSK,25/01/2012,26/03/2020,null,RS,55.7166666,53.0666666,112
38351199999,MERKE,11/09/2018,07/04/2020,null,KZ,42.9,73.2,701.95
38351199999,MERKE,11/09/2018,07/04/2020,null,KZ,42.9,73.2,701.95
37549199999,MESTIA,05/09/2012,07/04/2020,null,GG,43.0685,42.7542,2700
29854099999,MEZDURECENSK,03/02/1961,07/12/1990,null,RS,53.683,88.05,242
29802099999,MIKHAILOVKA,04/01/1959,07/04/2020,null,KZ,53.8166666,76.5333333,114
37054099999,MINERALNYYE VODY,03/01/1955,07/04/2020,null,RS,44.225072,43.081889,321.25
37744099999,MINGACHEVIR,01/01/1959,26/09/1991,null,AJ,40.7666666,47.05,94
35791099999,MOINTY,20/01/1937,14/04/1992,null,KZ,47.2,73.35,581
35793099999,MOIYNTY,01/07/2014,07/04/2020,null,KZ,47.2166666,73.35,582
28566099999,MOKROUSOVO,18/01/1955,16/11/1991,null,RS,55.817,66.783,115
35749099999,MONSYR,01/01/1959,13/07/1990,null,KZ,46.717,62.5,80
27498099999,MORKI,04/04/1959,29/11/1963,null,RS,56.467,49,130
29632099999,MOSKOVO,07/07/1955,01/01/1958,null,RS,55.3,83.6,215
37145099999,MOZDOK,19/12/1948,26/09/2001,null,RS,43.7333333,44.6666666,136
28409099999,MOZGA,11/01/1959,29/11/1963,null,RS,56.4333333,52.2,169
37409099999,MTA-SABUETI,01/01/1959,07/04/2020,null,GG,42.0333333,43.4833333,1245
34049099999,MUCHKAPSKIY SW,04/12/1960,04/12/1960,null,RS,51.85,42.467,108
35532099999,MUGODZARSKAJA,03/07/1957,07/04/2020,null,KZ,48.6333333,58.5,398
37541099999,MUHRANI,01/01/1959,07/04/2020,null,GG,41.9333333,44.5833333,551
36237099999,MUL'TA,01/01/1989,02/08/1989,null,RS,50.166667,85.95,957
29407099999,MUROMCEVO,29/11/1963,14/02/1988,null,RS,56.383,75.25,87
28611099999,MUSLJUMOVO,29/11/1963,18/11/1979,null,RS,55.3166666,53.2,80
28612099999,MUSLJUMOVO,25/01/2012,26/03/2020,null,RS,55.3166666,53.1833333,79
37212099999,NALCHIK,12/06/1948,07/04/2020,null,RS,43.512856,43.636583,445.31
27853099999,NAROVCAT,01/01/1959,27/10/1979,null,RS,53.8666666,43.6833333,148
34976099999,NARYN-HUDUK,12/01/1959,23/07/1988,null,RS,45.433,46.55,-18
36953099999,NARYNKOL,27/01/1958,07/04/2020,null,KZ,42.733,80.133,1807
35156099999,NAURZUMSKIY,13/01/1973,18/01/1981,null,KZ,51.4,64.633,130
36761099999,NAYMAN-SUYEK,02/01/1959,21/10/1982,null,KZ,45.7,77.267,368
29561099999,NAZAROVO,28/03/2012,07/04/2020,null,RS,56.0333333,90.3166666,255.93
37218099999,NAZRAN',26/09/2012,21/03/2020,null,RS,43.15,44.85,664.77
28588099999,NAZYVOEVSK,16/02/1953,21/04/2018,null,RS,55.5666666,71.3666666,126
29752099999,NENASTNAYA,03/04/1953,07/04/2020,null,RS,54.75,88.8166666,1183
29858099999,NEOZIDANNIJ PRIISK,17/03/1953,31/12/1994,null,RS,53.283,89.167,527
28344099999,NEVJANSK,05/09/1974,16/01/1993,null,RS,57.533,60.217,277
28362099999,NIZHNAYA TRADVA,01/07/1961,28/05/1962,null,RS,57.667,66.167,
37316099999,NIZHNIY-ZARAMAG,01/01/1959,23/09/1991,null,RS,42.7,43.967,1730
34555099999,NIZHNY-CHIR,03/01/1959,31/03/2020,null,RS,48.3333333,43.1166666,68
28423099999,NIZHNYAYA IRGA,04/09/1974,22/05/1988,null,RS,56.867,57.433,229
28240099999,NIZHNYJ TAGIL,13/09/1947,07/04/2020,null,RS,57.8833333,60.0666666,260
44210099999,NOGOONNUUR,23/08/2007,07/04/2020,null,MG,49.6,90.35,1480
34499099999,NOVAJA KAZANKA,01/01/1959,19/09/1988,null,KZ,48.967,49.617,-2
36027099999,NOVO-NIKOLAYEVKA,23/07/1961,22/01/1963,null,KZ,51.017,79.283,249
35321099999,NOVOALEKSJEVKA,12/01/1959,31/03/1998,null,KZ,50.133,55.7,142
34254099999,NOVOANNENSKIJ,14/04/1962,31/03/2020,null,RS,50.5333333,42.6833333,98
27894099999,NOVODEVIC'E,25/01/2012,07/04/2020,null,RS,53.6,48.8333333,143
29846099999,NOVOKUZNETSK,02/07/1955,15/06/2017,null,RU,53.81194,86.87835,312
36026099999,NOVONIKALAEVKA,01/07/2014,07/04/2020,null,KZ,51.0666666,79.4166666,258
35331099999,NOVOROSSIYSKIY,04/08/1959,14/04/1975,null,KZ,50.233,58,
35015099999,NOVOSERGIEVKA,05/09/1974,27/10/1979,null,RS,52.0833333,53.6333333,139
29638099999,NOVOSIBIRSK (OGOURTSOVO),03/08/2004,07/04/2020,null,RS,54.9,82.95,133
34289099999,NOVOUZENSK,21/08/1974,27/10/1979,null,RS,50.483,48.133,32
27491099999,NOVYJ TOR'JAL,01/03/2012,07/04/2020,null,RS,57,48.7333333,143
34691099999,NOVYJ USHTOGAN,04/01/1959,07/04/2020,null,KZ,47.9,48.8,-10
28319099999,NOZOVKA,12/01/1948,07/04/2020,null,RS,57.0833333,54.75,131
28533099999,NTAZEPETROVSK,02/02/1948,15/11/1991,null,RS,56.05,59.5833333,320
38264099999,NUKUS,26/12/1960,07/04/2020,null,UZ,42.45,59.6166666,77
38403199999,NUKUS / KARAKALPAKSTAN,13/07/2004,07/04/2020,null,UZ,42.4833333,59.6333333,77
35449099999,NURA,01/01/1959,07/04/2020,null,KZ,48.833,62.1,82
28797099999,ODESSKOE,01/02/1948,07/04/2020,null,RS,54.2,72.9666666,125
37627099999,ODZUN,03/05/1975,06/08/1977,null,AM,41.05,44.6333333,1110
36487099999,OGIZTAU,02/01/1959,11/05/1997,null,KZ,48.267,77.317,699
28321099999,OHANSK,31/01/1948,07/04/2020,null,RS,57.7166666,55.3833333,163
34163099999,OKTJABR'SKIJ GORODOK,26/02/2007,07/04/2020,null,RS,51.6333333,45.45,201
28754099999,OKTJABRSKI,04/01/1959,18/11/1991,null,RS,54.4,62.733,168
28429099999,OKTJABRSKI,27/04/1975,19/11/1991,null,RS,56.5166667,57.2,229
35021099999,OKTYABRSKOYE,12/07/1962,18/11/1979,null,RS,52.35,55.467,135
38339099999,OLGAING,22/03/1973,10/03/1998,null,UZ,42.1666666,70.8833333,2151
28698099999,OMSK,09/03/1933,07/04/2020,null,RS,54.967042,73.310514,94.79
36231099999,ONGUDAJ,26/01/1958,06/04/1997,null,RS,50.75,86.1333333,833
37309099999,ONI,02/01/1959,28/04/1991,null,GG,42.5833333,43.45,789
35816099999,OPORNY,01/01/1981,07/04/2020,null,KZ,46.233,54.483,-16
29726099999,ORDYNSKOE,02/01/1948,07/04/2020,null,RS,54.3666666,81.8833333,132
35121099999,ORENBURG,01/01/1933,07/04/2020,null,RS,51.795786,55.456744,117.95
37390099999,ORPIRI,02/01/1959,28/09/1991,null,GG,42.333,42.817,175
35138099999,ORSK,21/08/1974,07/04/2020,null,RS,51.0666666,58.6,285
37865099999,ORSK,03/08/2004,07/04/2020,null,RS,51.072506,58.595586,277.06
28324099999,OSA,01/01/1969,16/01/1993,null,RS,57.283,55.433,98
36864099999,OTAR,16/03/1953,07/04/2020,null,KZ,43.5333333,75.25,743
34473099999,OZHANYBEK,26/01/1959,22/11/1962,null,KZ,49.433,46.85,
34199099999,OZINKI,09/04/1962,07/04/2020,null,RS,51.2,49.7333333,104
51232099999,PA-ERH-LU-K'O MTN,06/02/1962,13/05/1997,null,CH,45.95,82.567,1067
27858099999,PACELMA,01/01/1959,07/04/2020,null,RS,53.3333333,43.3166666,261
34373099999,PALLASOVKA,26/09/1961,31/03/2020,null,RS,50.05,46.8833333,37
51352099999,PAO-TAI EAST,28/08/1956,28/06/1957,null,CH,44.817,85.6,335
37432099999,PASANAURI,02/01/1936,09/01/2017,null,GG,42.35,44.7,1070
51477099999,PAU-YANG-HU,30/03/1962,13/05/1997,null,CH,43.2,88.467,1037
36003099999,PAVLODAR,01/01/1933,07/04/2020,null,KZ,52.195,77.073889,124.96
28798099999,PAVLOGRADKA,01/01/1986,31/12/1994,null,RS,54.2,73.55,125
27555099999,PAVLOVO,27/03/1959,31/12/1960,null,RS,55.967,43.083,100
29622099999,PENKI-IN-NOVOSIBIR,03/07/1955,21/07/1961,null,RS,55.483,81.6,146
27962099999,PENZA,27/08/1949,07/04/2020,null,RS,53.1333333,45.0166667,174
35007099999,PERELJUB,28/04/1975,07/04/2020,null,RS,51.8666666,50.3333333,71
28224099999,PERM',14/07/2004,07/04/2020,null,RS,58,56.3333333,170.94
28679099999,PETROPAVLOVSK,02/01/1933,31/01/2011,null,KZ,54.833,69.15,136
28676099999,PETROPAVLOVSK,02/01/1933,07/04/2020,null,KZ,54.77546,69.18613,140
34063099999,PETROVSK,13/11/1962,15/10/1979,null,RS,52.2833333,45.4,199
28674099999,PETUHOVO,06/04/1962,15/11/1991,null,RS,55.1,67.967,136
29534099999,PIHTOVKA,01/01/1948,23/10/1991,null,RS,55.983,82.7,127
37050099999,PJATIGORSK,05/01/1933,06/12/1960,null,RS,44.05,43.0333333,538
27762099999,POCHINKI,02/12/1960,30/07/1961,null,RS,54.7,44.867,137
36905099999,PODGORNOJE,01/01/1959,07/04/2020,null,KZ,43.317,79.483,1273
28668099999,POLOVINNOE,29/08/1974,19/11/1991,null,RS,54.7666666,66,152
28752099999,POLOVINNOJE,14/09/1974,19/11/1991,null,RS,54.7,63.833,217
28786099999,POLTAVKA,16/02/1953,07/04/2020,null,RS,54.3666666,71.75,125
27675099999,PORETSKOE,28/01/2009,07/04/2020,null,RS,55.1833333,46.3333333,136
29735099999,POSEVNAJA,23/02/1953,07/12/1990,null,RS,54.3,83.3138889,293
28764099999,PRESNOGORKOVKA,28/01/1959,07/04/2020,null,KZ,54.483,65.767,158
37144099999,PROHLADNAYA,26/09/2012,07/04/2020,null,RS,43.75,44.05,199.94
36877099999,PRUDKY,12/03/1974,15/07/1990,null,KZ,43.167,76.05,992
35148099999,PSKOVSKIY,21/08/1974,15/10/1979,null,KZ,50.933,61.667,248
29313099999,PUDINO,27/01/1948,07/04/2020,null,RS,57.5333333,79.4305556,97
34098099999,PUGACEV,16/08/1949,07/04/2020,null,RS,52.0333333,48.8333333,38
37740099999,QABALA,02/01/1959,28/08/2017,null,AJ,40.9833333,47.8666666,682
51186099999,QINGHE/QINGGLI,29/03/1962,13/05/1997,null,CH,46.717,90.4,1463
51379099999,QITAI,22/08/1956,07/04/2020,null,CH,44.0166666,89.5666666,794
37603099999,RADIONOVKA,01/01/1959,28/09/1991,null,GG,41.483,43.867,2100
27972099999,RADISHCHEVO,29/02/2012,07/04/2020,null,RS,53.05,46.4333333,252.55
28710099999,RAEVSKY,06/01/1959,10/01/1993,null,RS,54.0833333,54.9166666,120
29923099999,REBRIHA,16/02/1953,25/12/2019,null,RS,53.0666666,82.3,219
34759099999,REMONTNOE,22/08/1949,31/03/2020,null,RS,46.5666666,43.6666666,106
28430099999,REVDA,21/08/1974,10/01/1993,null,RS,56.817,59.95,325
36020099999,RODINO,01/02/1948,24/07/2018,null,RS,52.4833333,80.1666666,158
28912099999,ROMANOVKA,26/09/1962,12/11/1962,null,RS,53.033,54.067,149
23220499999,ROSCHINO,06/07/2004,07/04/2020,null,RS,57.189567,65.3243,115.21
34056099999,RTISCEVO,07/01/1959,07/04/2020,null,RS,52.25,43.7833333,213
36034099999,RUBCOVSK,01/01/1948,07/04/2020,null,RS,51.5755556,81.2166666,219
34262099999,RUDNYA,09/06/1959,31/03/2020,null,RS,50.8333333,44.5666666,114
28895099999,RUSSKAJA POLIANA,03/07/1957,31/12/1994,null,RS,53.783,73.883,125
28966099999,RUZAEVKA,10/01/1959,07/04/2020,null,KZ,52.8166666,66.9666666,227
36927099999,RYBACJE,31/12/1960,07/10/1998,null,KG,42.467,76.183,1660
37403099999,SACHKHERE,02/01/1959,28/09/1991,null,GG,42.35,43.4166666,455
28552099999,SADRINSK,05/02/1948,07/04/2020,null,RS,56.0666666,63.65,89
37556099999,SAGAREDZO,01/01/1959,30/05/1998,null,GG,41.7333333,45.3333333,806
36723099999,SAGAT,03/09/1974,14/03/1975,null,KZ,46.717,80.75,427
35519099999,SAGIZ,15/01/1973,15/07/1990,null,KZ,48.2,54.933,73
35742099999,SAKSAULSKI,03/11/1960,13/07/1990,null,KZ,47.083,61.217,79
35925099999,SAM,13/07/1957,07/04/2020,null,KZ,45.4,56.1166666,88
27995099999,SAMARA (BEZENCHUK),25/02/2009,07/04/2020,null,RS,52.9833333,49.4333333,46
28807099999,SAMARA (SNYSLJAEVKA),01/10/1996,24/11/2013,null,RS,53.25,50.45,40
36418099999,SAMARSKOE,18/01/1959,07/04/2020,null,KZ,49.033,83.383,524
28334099999,SAMARY,14/03/1953,07/04/2020,null,RS,57.35,58.2166666,244
37385099999,SAMTREDIA,01/01/1959,30/05/1998,null,GG,42.1833333,42.3666666,26
27480099999,SANCURSK,01/01/1959,20/07/1963,null,RS,56.9833333,47.3166666,103
27760099999,SARANSK AIRPORT,08/01/1959,07/04/2020,null,RS,54.118056,45.2025,216
27760099999,SARANSK AIRPORT,08/01/1959,07/04/2020,null,RS,54.118056,45.2025,216
28418099999,SARAPUL,26/09/1962,07/04/2020,null,RS,56.4666666,53.7333333,133
28598099999,SARGATSKOE,23/02/1953,29/03/2016,null,RS,55.6,73.4833333,81
36786099999,SARKAND,01/01/1959,07/04/2020,null,KZ,45.417,79.9,1113
28916099999,SARLYK,09/04/1962,07/04/2020,null,RS,52.9333333,54.75,190
28867099999,SARYKOL,23/05/1953,07/04/2020,null,KZ,53.3166666,65.55,216
36839099999,SARYOZEK,11/01/1959,07/04/2020,null,KZ,44.367,77.9,948
35883099999,SARYSHAGAN WEST,04/01/1959,04/11/1960,null,KZ,46.333,72.033,538
28456099999,SATROVO,29/11/1963,14/11/1991,null,RS,56.5166666,64.65,114
28404199999,SAVALI-IN-KIROV,03/01/1955,30/12/1955,null,RS,56.533,50.633,108
28404099999,SAVALS,03/01/1955,30/12/1955,null,RS,56.533,50.633,107.9
37502099999,SAYIRME,02/01/1959,30/06/1977,null,GG,41.917,42.75,910
36012099999,SCERBAKTY,17/01/1959,07/04/2020,null,KZ,52.35,78.333,149
29401099999,SEDELNIKOVO,01/07/1961,31/12/1994,null,RS,56.95,75.3,90
29837099999,SELABOLIHA,05/07/1957,31/12/1994,null,RS,53.4,82.6,170
36152099999,SEMIJARKA,01/02/1948,07/04/2020,null,KZ,50.8666666,78.35,149
36177099999,SEMIPALATINSK,31/12/1932,07/04/2020,null,KZ,50.4166666,80.3,196
36186099999,SEMONAIHA,23/02/1953,23/01/1995,null,KZ,50.633,81.917,320
37708099999,SEMYONOVKA,22/01/1959,18/09/1991,null,AM,40.65,44.9,2097
35368099999,SENBER,02/10/1960,30/05/1998,null,KZ,49.75,66.15,229
27890099999,SENGILEJ,30/08/1974,18/11/1979,null,RS,53.967,48.767,61
34357099999,SERAFIMOVIC,15/03/1948,31/03/2020,null,RS,49.5666666,42.75,200
28791099999,SERBAKUL',01/01/1969,22/07/2018,null,RS,54.6333333,72.4333333,115
27577099999,SERGAC,03/03/1964,07/04/2020,null,RS,55.5333333,45.5,125
37475099999,SERGOKALA,15/12/1960,22/01/1991,null,RS,42.45,47.667,519
37709099999,SEVAN,02/03/1959,30/07/2000,null,AM,40.55,44.933,1937
37717099999,SEVAN OZERO,16/09/2001,07/04/2020,null,AM,40.5666666,45,1917
38111099999,SEVCENKO,06/12/1960,07/04/2020,null,KZ,43.5833333,51.0833333,15
29418099999,SEVERNOE,01/01/1948,07/04/2020,null,RS,56.35,78.35,126
37126099999,SHADZHATMAZ,26/03/2009,07/04/2020,null,RS,43.7333333,42.6666666,2056
37661099999,SHAKI,01/01/1959,28/08/2017,null,AJ,41.2166666,47.1666666,641
37759099999,SHAMAKHY,01/01/1959,24/09/1991,null,AJ,40.6333333,48.6333333,892
51581099999,SHANSHAN/PIQAN,29/12/1989,05/08/1993,null,CH,42.917,90.25,410
35106099999,SHARAKKOP,17/05/2018,07/04/2020,null,KZ,51.4,51.95,38
29559099999,SHARYPOV,16/03/1984,22/04/1988,null,RS,55.55,89.233,274
38069099999,SHIELI,31/01/1948,07/04/2020,null,KZ,44.1666666,66.75,153
51356099999,SHIHEZI,21/08/1956,19/08/1996,null,CH,44.3,86.033,457
35394899999,SHIRAK GEORGIA,04/08/2004,07/04/2020,null,GG,40.75,43.85,1524
35475099999,SHUBARKUL,01/07/2014,11/03/2020,null,KZ,49.0166666,68.6666666,490
35259099999,SHUMEKTY,04/01/1961,31/12/1981,null,KZ,50.267,64.217,76
38328099999,SHYMKENT,01/01/1948,07/04/2020,null,KZ,42.364167,69.478889,422.14
36032099999,SIPUNOVO,01/02/1989,07/12/1990,null,RS,52.217,82.25,196
29756099999,SIRA,18/02/1946,02/09/2001,null,RS,54.5,89.9333333,475
28587099999,SLADKOV,01/01/1989,31/12/1994,null,RS,55.533,70.317,134
29915099999,SLAVGOROD,01/01/1948,07/04/2020,null,RS,52.9666666,78.65,126
36045099999,SOLONESNOJE,04/05/1961,31/12/1994,null,RS,51.667,84.317,411
35011099999,SOROCHINSK,12/02/1963,07/04/2020,null,RS,52.4333333,53.1333333,123
29836099999,SOROKINO,22/04/1953,07/12/1990,null,RS,53.75,84.95,221
37695099999,SPITAK,01/01/1959,19/08/1977,null,AM,40.8333333,44.2666666,1555
28622099999,STARONADEZDINO,05/09/1974,01/01/1993,null,RS,55.317,56.417,129
27782099999,STARYYE ALGASHI,21/08/1974,18/11/1979,null,RS,54.7,47.533,188
37693099999,STEPANAVAN,07/01/1973,16/09/1991,null,AM,41,44.3666666,1400
35235099999,STEPNOE,01/07/2014,07/04/2020,null,KZ,50.7166666,58.6666666,243
28827099999,STERLIBASEVO,21/08/1974,12/01/1992,null,RS,53.467,55.267,279
28825099999,STERLITAMAK,05/02/1948,07/04/2020,null,RS,53.5833333,55.9336111,137
27459099999,STRIGINO,02/08/1994,07/04/2020,null,RS,56.230119,43.784042,78.02
28984099999,SUCINSK,04/01/1959,07/04/2020,null,KZ,52.95,70.2166666,395
37461099999,SULAK MOUNTAIN,04/01/1959,08/04/1990,null,RS,42.4,46.233,2923
28655099999,SUMIHA,01/07/1961,14/06/2018,null,RS,55.2333333,63.3166666,178
27776099999,SURSKOE,31/01/1959,07/04/2020,null,RS,54.4833333,46.7,100
38358099999,SUSAMYR,15/12/1960,07/10/1998,null,KG,42.15,73.983,2092
28444099999,SVERDLOVSKY/KOLTSOV,23/08/1974,25/10/1986,null,RS,56.733,60.817,236
34954099999,SVETLOGRAD,01/01/1937,31/03/2020,null,RS,45.35,42.85,140
28448099999,SYSERT,18/04/1975,15/03/1993,null,RS,56.517,60.833,266
28437099999,SYZGI,09/11/1974,14/09/1987,null,RS,56.5,57.833,229
27983099999,SYZRAN',06/01/1959,07/04/2020,null,RS,53.1833333,48.4,103
37525099999,TABATSKURI (LAKE),04/05/1973,07/04/1991,null,GG,41.65,43.617,1995
51133099999,TACHENG,06/02/1962,07/04/2020,null,CH,46.7333333,83,535
28633099999,TAGANAJ GORA (MTN),05/01/1959,15/12/1991,null,RS,55.367,59.917,1102
35406099999,TAIPAK,01/01/1937,07/04/2020,null,KZ,49.05,51.8666666,2
29541099999,TAJGA,10/07/1955,07/12/1990,null,RS,56.0666666,85.6166666,251
28546099999,TAKHTALYM,27/04/1975,24/06/1985,null,RS,55.933,61.767,117
38345099999,TALAS,13/07/1949,07/04/2020,null,KG,42.5166666,72.2166666,1218
35274099999,TALDY-KUL,02/01/1959,30/12/1963,null,KZ,50.55,67.917,286
36778099999,TALDY-KURGAN,02/01/1959,31/03/1998,null,KZ,45,78.383,602
35430099999,TALDYK,13/01/1959,25/08/1994,null,KZ,49.25,59.55,260
29832099999,TALMENKA,06/07/1955,07/12/1990,null,RS,53.8166666,83.5833333,144
35345099999,TAMABULAK,28/04/1962,02/10/1998,null,KZ,49.983,61.483,221
36938099999,TAMGA-IN-KIRGIZ,16/12/1960,04/11/1987,null,KG,42.167,77.533,1690
37831099999,TAR-TAR,01/01/1959,05/01/1988,null,AJ,40.35,47.0166666,227
28493099999,TARA,25/01/1933,07/04/2020,null,RS,56.9,74.3833333,73
38328599999,TARAZ,24/08/2007,07/04/2020,null,KZ,42.853611,71.303611,665.68
38341099999,TARAZ,01/01/1948,11/04/2019,null,KZ,42.85,71.3,652
37618099999,TASHIR,01/01/1959,29/07/1977,null,AM,41.1166666,44.2833333,1509
38081099999,TASTY,21/02/1953,14/12/1994,null,KZ,44.8,69.117,190
29956099999,TASTYP,14/01/1948,07/04/2020,null,RS,52.8,89.9166666,455
29605099999,TATARSK,23/01/1948,07/04/2020,null,RS,55.2,76.0188889,112
35549099999,TAUP,04/01/1959,24/08/1994,null,KZ,48.25,62,74
28264099999,TAVDA BELYJAR,02/09/1974,07/02/1993,null,RS,58.05,65.35,59
36197099999,TAVRIA,01/07/2014,07/04/2020,null,KZ,50.1666666,82.0333333,270
37545099999,TBILISI,06/01/1933,17/09/2014,null,GG,41.6666666,44.95,495
37549099999,TBILISI / LOCHINI AIRPORT,06/01/1933,07/04/2020,null,GG,41.75,44.7666666,427
37719099999,TCHAMBARAK,03/01/1959,22/09/1991,null,AM,40.5933333,45.3558333,1852.82
29855099999,TEBA,23/12/1988,23/12/1988,null,RS,53.633,88.567,304
28561099999,TEBENJAKSKOE,09/11/1974,22/08/1991,null,RS,56.167,65.45,61
37553099999,TELAVI,01/01/1959,31/12/2016,null,GG,41.9333333,45.5122222,542
36078099999,TELI,05/02/1961,07/04/2020,null,RS,51.0166666,90.2166666,983.1
35426099999,TEMIR,10/02/1948,07/04/2020,null,KZ,49.15,57.1166666,234
27752099999,TEMNIKOV,18/05/1959,07/04/2020,null,RS,54.6333333,43.2333333,139
35102099999,TEPLOVKA,08/01/1959,23/12/1978,null,RS,51.533,51.533,70
37079099999,TEREKLI-MEKTEB,01/01/1959,08/01/1991,null,RS,44.167,45.867,19
35635099999,TEREN'-KUDUK,08/01/1959,31/12/1981,null,KZ,47.7,58.467,511
37539099999,TETRI-TSKARO,01/01/1959,28/09/1991,null,GG,41.55,44.467,1140
27697099999,TETYUSHI,21/08/1974,07/04/2020,null,RS,54.9333333,48.7833333,156
28383099999,TEVRIZ,01/01/1948,06/06/2018,null,RS,57.5166666,72.4,67
36982099999,TIAN-SHAN',10/12/1959,07/04/2020,null,KG,41.8833333,78.2333333,3639
37439099999,TIANETI,01/01/1959,28/09/1991,null,GG,42.1166666,44.9666666,1091
51765099999,TIKANLIK,01/07/1957,07/04/2020,null,CH,40.6333333,87.7,847
28730099999,TIRJANSKI,01/11/1959,01/01/1993,null,RS,54.2,58.567,533
29557099999,TISUL',09/07/1955,25/07/2018,null,RS,55.75,88.3166666,211
29552099999,TJAZIN,09/07/1955,14/01/1958,null,RS,56.1166666,88.5166666,222
28586099999,TJUKALINSK,31/01/1948,09/07/2018,null,RS,55.8666666,72.2,118
37393099999,TKIBULI,01/01/1959,29/09/1991,null,GG,42.3333333,42.9833333,541
51241099999,TO-LI,30/06/1957,13/05/1997,null,CH,45.95,83.617,2072
28957099999,TOBOL,30/05/1953,20/12/1994,null,KZ,52.683,62.6,208
28275099999,TOBOL'SK,31/12/1932,07/04/2020,null,RS,58.15,68.25,50
29636099999,TOGUCHIN,05/01/1948,07/04/2020,null,RS,55.2333333,84.4,173
29848099999,TOGUL,02/02/1948,01/04/1994,null,RS,53.4666666,85.9166666,272
36911099999,TOKMAK,26/12/1960,07/04/2020,null,KG,42.8333333,75.2833333,817
35334099999,TOKMANSAY,01/07/2014,07/04/2020,null,KZ,49.8,57.9833333,368
38473099999,TOKTOGUL,15/12/1960,17/02/1974,null,KG,41.833,72.867,986
44217099999,TOLBO,23/05/1973,07/04/2020,null,MG,48.4166667,90.3,2101
38222099999,TOLE BI,02/01/1959,07/04/2020,null,KZ,43.7,73.7833333,456
29634099999,TOLMACHEVO,31/12/1932,07/04/2020,null,RS,55.012622,82.650656,111.25
35505099999,TOLUBAI,01/01/1959,11/12/1963,null,KZ,48.467,51,10.1
36677099999,TOMAR E,04/08/1959,14/01/1960,null,KZ,46.383,75.167,340
29430099999,TOMSK,12/01/1933,07/04/2020,null,RS,56.5,84.9166666,139
35602099999,TOPOLI,24/07/1961,20/11/1975,null,KZ,47.967,51.65,-14
27758099999,TORBEEVO,03/12/1960,31/03/1977,null,RS,54.0833333,43.25,198
35358099999,TORGAI,03/02/1934,07/04/2020,null,KZ,49.634722,63.482222,132.83
28748099999,TROIZK,31/01/1948,07/04/2020,null,RS,54.0833333,61.6166666,192
37298099999,TSAGERI,01/01/1959,07/04/2020,null,GG,42.6333333,42.7,474
37537099999,TSALKA,01/01/1959,28/09/1991,null,GG,41.6,44.0833333,1458
34172099999,TSENTRALNY,31/12/1936,20/08/2019,null,RS,51.565,46.046667,152.09
37513099999,TSIPA,04/09/1959,24/09/1991,null,GG,42.017,43.45,673
28359099999,TUGULYM,30/08/1974,15/11/1991,null,RS,57.0666666,64.6666666,90
28712099999,TUIMAZY,07/03/1959,09/03/1993,null,RS,54.5833333,53.7333333,135
28823099999,TUKAN,05/09/1974,19/01/1993,null,RS,53.833,57.517,548
36889099999,TURGEN,02/01/1959,07/04/2020,null,KZ,43.3833,77.55,979.93
28255099999,TURINSK,15/01/1948,14/06/2017,null,RS,58.05,63.6833333,103
38198099999,TURKESTAN,14/01/1934,07/04/2020,null,KZ,43.2666666,68.2166666,207
36061099999,TUROCAK,22/02/1948,07/04/2020,null,RS,52.25,87.1166666,326
51573099999,TURPAN,23/08/1956,07/04/2020,null,CH,42.95,89.2297222,39.3
38002099999,TUSCIKUDUK,04/01/1959,07/04/2020,null,KZ,44.7333333,51.9666667,56
38008099999,TUSHCHIBEK,08/01/1959,07/04/2020,null,KZ,44.15,51.95,240
35986099999,TYUKEN,02/01/1959,31/12/1981,null,KZ,45.533,72.4,420
28367099999,TYUMEN',02/01/1933,07/04/2020,null,RS,57.1166666,65.4333333,102
29613099999,UBINSKOE,03/01/1948,07/12/1990,null,RS,55.3,79.6166666,140
36729099999,UC-ARAL,16/02/1953,07/04/2020,null,KZ,46.1666666,80.9333333,397
28736099999,UCALY,02/09/1974,12/01/1992,null,RS,54.333,59.517,525
37633099999,UDABNO (MOUNT),01/01/1959,26/11/1990,null,GG,41.517,45.383,750
28722099999,UFA,05/01/1933,07/04/2020,null,RS,54.557511,55.874417,136.85
36028099999,UGLOVSKOYE,06/07/1955,05/02/1961,null,RS,51.367,80.217,202
35416099999,UIL,04/05/1935,07/04/2020,null,KZ,49.0666666,54.6833333,128
38044099999,UJALY,14/01/1973,23/01/1995,null,KZ,44.583,61.15,55
38203099999,UJUK,03/01/1959,07/04/2020,null,RS,43.7833333,70.9333333,366
34896099999,UKATNIY ISLAND,01/01/1959,21/12/1963,null,RS,45.917,49.55,-27
38091099999,ULANBEL',03/01/1959,20/12/1994,null,KZ,44.8,71.067,266
44214099999,ULGI,04/01/1959,07/04/2020,null,MG,48.9333333,89.9333333,1715
36428099999,ULKEN NARYN,16/02/1953,07/04/2020,null,KZ,49.2,84.5166666,401
28629099999,ULU-TELJAK,25/10/1974,10/01/1993,null,RS,54.9,56.95,119
27786099999,ULYANOVSK,03/09/1949,30/04/2013,null,RS,54.3166666,48.3333333,129
27785099999,ULYANOVSK,03/09/1949,07/04/2020,null,RS,54.275556,48.243056,141
35563099999,ULYTAU,16/02/1959,07/04/2020,null,KZ,48.583,67.083,632
38215099999,UMBET,04/01/1959,31/12/1981,null,KZ,43.65,72.383,512
35108099999,URALSK,01/01/1933,07/04/2020,null,KZ,51.150833,51.543056,38.1
34581099999,URDA,05/01/1969,31/03/1998,null,KZ,48.77417,47.41778,5
34581099999,URDA,05/01/1969,31/03/1998,null,KZ,48.77417,47.41778,5
36639099999,URZHAR,06/03/1953,07/04/2020,null,KZ,47.1166666,81.6166666,491
28307099999,URZUM,13/02/1959,29/11/1963,null,RS,57.1166666,50,165
29906099999,USPENKA,11/08/1959,07/04/2020,null,KZ,52.917,77.417,112
35067599999,UST KAMENOGORSK,23/08/2007,07/04/2020,null,KZ,50.036597,82.494186,286.2
36229099999,UST'- KOKSA,25/02/2009,07/04/2020,null,RS,50.2833333,85.6166666,978
28382099999,UST'-ISIM,01/01/1948,07/04/2020,null,RS,57.6833333,71.1833333,62
29955099999,UST-KABIRZA,01/01/1969,31/12/1994,null,RS,52.817,88.45,416
36403099999,UST-KAMENOGORSK,25/01/1958,02/04/1998,null,KZ,49.967,82.633,292
36213099999,UST-KAN,24/03/1953,31/12/1994,null,RS,50.95,84.917,1037
28755099999,UST-UJSKOJE,19/04/1953,31/12/1963,null,RS,54.267,63.95,104
36246099999,UST-ULAGAN,08/01/1969,14/12/1989,null,RS,50.633,87.933,1937
34871099999,UTTA,26/09/2012,09/05/2015,null,RS,46.3666666,46.0166666,-7.05
29864099999,UYBAT,05/01/1948,07/04/2020,null,RS,53.7166666,90.3666666,525
37735299999,UYTASH,06/07/2004,07/04/2020,null,RS,42.816822,47.652294,3.65
29722099999,UZANIHA,06/07/1955,07/12/1990,null,RS,54.667,81.05,175
38124099999,UZEN,01/01/1981,31/12/1981,null,KZ,43.367,52.833,210
36874099999,UZUNAGAC,25/07/1961,12/08/1985,null,KZ,43.6,76.317,685
29653099999,UZUR,01/02/1948,07/04/2020,null,RS,55.3,89.8166666,387
36803099999,UZYNBULAK,02/04/1974,14/07/1990,null,KZ,45.85,82.183,362
28469099999,VAGAJ,14/01/1948,31/08/1988,null,RS,56.483,67.3,131
28278099999,VAGAY RIVER,01/01/1969,31/12/1994,null,RS,57.917,69.033,100
37508099999,VALE,07/04/1990,24/09/1991,null,GG,41.617,42.867,1097
37704099999,VANADZOR,03/01/1973,07/04/2020,null,AM,40.8166666,44.4361111,1375.95
28396099999,VASISS-IN-OM,06/03/1953,31/08/1988,null,RS,57.367,74.75,101
28833099999,VERHNEURAL'SK,01/07/1935,10/01/1993,null,RS,53.8833333,59.2,403
34579099999,VERHNIJ BASKUNCHAK,07/04/1948,31/03/2020,null,RS,48.2166666,46.7333333,34
28541099999,VERHNIJ UFALEJ,05/01/1959,07/04/2020,null,RS,56.0833333,60.3,399
28244099999,VERHNJAJA SALDA,23/04/1962,19/08/1990,null,RS,58.05,60.567,200
37209099999,VERKHNAYA BALKARIYA,01/01/1959,22/09/1991,null,GG,43.05,42.717,1441
28829099999,VERKHNIY AVZYAN,08/06/1987,08/06/1987,null,RS,53.517,54.067,457
28481099999,VIKULOVO,28/01/1948,07/04/2020,null,RS,56.8166666,70.6166666,78
35283099999,VISHNEVKA,01/01/1981,07/04/2020,null,KZ,50.833,72.183,411
28333099999,VISIM,21/08/1974,10/01/1993,null,RS,57.65,59.5,314
28502099999,VJATSKIE POLJANY,09/07/1959,07/04/2020,null,RS,56.2333333,51.0333333,83
37228099999,VLADIKAVKAZ,03/01/1933,21/03/2020,null,RS,43.0333333,44.6833333,703
36022099999,VOLCIHA,18/02/1953,07/04/2020,null,RS,52.0166666,80.3666666,208
28877099999,VOLODARSKOE,10/01/1959,24/01/1995,null,KZ,53.317,68.1,319
34084099999,VOLSK,01/11/1959,01/05/1962,null,RS,52.067,47.35,199.9
34982099999,VOSKRESENSK SOUTH,24/10/1959,19/10/1962,null,RS,45.617,47.517,0
27962199999,VOSTOCHNY,13/07/2004,07/04/2020,null,RS,54.401017,48.802656,76.8
28785099999,VOZVISHEN SOVKHOZ,04/01/1959,28/03/1998,null,KZ,54.433,70.917,127
51628099999,WEN-SU,23/08/1956,17/06/1996,null,CH,41.267,80.233,1286
51463099999,WU LU MU QI,22/08/1956,07/04/2020,null,CH,43.7833333,87.6166666,919
36064099999,YAJLJU,01/01/1969,07/04/2020,null,RS,51.7666666,87.6,480
51567099999,YANQI,25/08/1956,15/07/1996,null,CH,42.05,86.567,1097
34866099999,YASHKUL',23/02/1948,21/03/2020,null,RS,46.1833333,45.35,-7
28775099999,YAVLENKA,04/04/1961,13/03/1975,null,KZ,54.333,68.467,
37788099999,YEREVAN ZVARTNOTS,16/09/2001,07/04/2020,null,AM,40.15,44.3833333,854
37789099999,YEREVAN-ARABKIR,06/04/1933,31/10/2003,null,GG,40.2122222,44.5297222,1013.39
51431099999,YINING,20/08/1956,07/04/2020,null,CH,43.95,81.3333333,663
34772099999,YUSTA,04/01/1960,02/04/2020,null,RS,47.1333333,46.3166666,2.6
35042099999,ZABELOVKA,08/09/1960,31/03/1998,null,KZ,52.3,61.317,279
35707099999,ZABURUNYE/ISATAY,01/01/1959,20/03/1984,null,KZ,46.75,50.2,-23
36665099999,ZAJSAN,06/02/1948,07/04/2020,null,KZ,47.467,84.917,603
37575099999,ZAKATALA,04/09/1949,07/04/2020,null,AJ,41.6666666,46.65,490
35721099999,ZAMBIKE,03/01/1959,14/07/1990,null,KZ,47.033,55.133,45
27857099999,ZAMETCHINO,31/12/1936,07/04/2020,null,RS,53.4833333,42.6333333,131
34753099999,ZAVETNOE,14/01/1973,07/02/1995,null,RS,47.1166666,43.9333333,81
29925099999,ZAVYALOVO-IN-ALTAY,07/07/1955,08/02/1988,null,RS,52.833,80.95,165
29712099999,ZDVINSK,07/07/1955,07/04/2020,null,RS,54.7,78.6666666,113
34894099999,ZELENGA,18/10/1961,29/11/1963,null,RS,46.183,48.6,
37404099999,ZESTAFONT,03/01/1959,31/01/2007,null,GG,42.1333333,43.0166666,148
34398099999,ZHALPAKTAL,01/01/1959,07/04/2020,null,KZ,49.6666666,49.4833333,10
35173099999,ZHALTYR,04/01/1959,07/04/2020,null,KZ,51.6166666,69.8,305
36397099999,ZHANGIZTOBE,31/01/1948,07/04/2020,null,KZ,49.2166666,81.2166666,455
36785099999,ZHANSUGUROV,01/07/2014,07/04/2020,null,KZ,45.3833333,79.5,628
51437099999,ZHAOSU/MONGGOLKURE,28/03/1962,13/05/1997,null,CH,43.167,81.117,1830
36859099999,ZHARKENT,01/02/1948,07/04/2020,null,KZ,44.1666666,80.0666666,645
35497099999,ZHARYK,18/02/1953,07/04/2020,null,KZ,48.85,72.8666666,656
29749099999,ZHERNOVO,09/07/1955,02/04/1961,null,RS,54.15,87.317,291
36831099999,ZHETY-ZHOL,01/01/1959,31/12/1981,null,KZ,44.8,77.333,505
35671099999,ZHEZKAZGAN,15/03/1948,07/04/2020,null,KZ,47.8,67.7166666,346
35953099999,ZHOSALY,08/02/1949,07/04/2020,null,KZ,45.5,64.0833333,103
35026099999,ZILAIR,08/03/1953,07/04/2020,null,RS,52.2166666,57.4522222,521
34743099999,ZIMOVNIKI,02/01/1959,31/03/2020,null,RS,47.15,42.4833333,72
28630099999,ZLATOUST,29/11/1963,01/01/1993,null,RS,55.2,59.6666666,538
35969099999,ZLIKHA,13/03/1953,07/04/2020,null,KZ,45.25,67.0666666,138
36038099999,ZMEINOGORSK,06/07/1955,07/04/2020,null,RS,51.15,82.2,355
35704099999,ZOBURUN'JE,01/04/1984,01/12/1991,null,KZ,46.75,50.167,-24
28986099999,ZOLOTAJA NIVA,16/10/1963,15/07/1990,null,KZ,52.967,71.933,196
34271099999,ZOLOTOE,05/09/1974,18/11/1979,null,RS,50.817,45.883,43
36619099999,ZUZ-AGAC,17/02/1962,07/04/2020,null,KZ,47.083,79.717,422
35394699999,ZVARTNOTS,06/07/2004,07/04/2020,null,AM,40.147275,44.395881,865.02
28756099999,ZVERINOGOLOVSKOE,01/01/1969,14/06/2018,null,RS,54.4666666,64.8666666,117
36421099999,ZYRJANOVSK,09/01/1959,07/04/2020,null,KZ,49.75,84.283,492
